Word,JLPT_Level,JLPT_Levels
の,N5,
を,N5,
は,N5,
が,N5,
た,,N3
で,N5,
て,,N5
し,,N3
日,N4,N3
れ,,
さ,,N3
する,,N3
も,N5,
ます,,N3
こと,,N3
ある,,N3
いる,,N5
な,,
から,N5,
い,,N3
ない,,
ページ,,N5
へ,N5,
や,N5,N1
として,,
です,N5,
か,,N3
れる,,
あり,,
ん,,
よう,,N3
ため,,N4
的,N3,N1
ください,,N5
という,,
など,,N3
なっ,,N2
でき,,
ませ,,
リンク,,
‐,,
について,,
う,,N1
もの,,N5
投稿,,
ば,,N3
町,N5,N3
まし,,N1
なる,,N3
あっ,,N4
ノート,,N5
さん,,N1
まで,,
だ,,
中,N5,N3
ので,N5,
放送,N4,N3
後,N5,N3
おり,,N1
において,,
られ,,
また,,N3
お,,N1
東京,,
画像,,
より,,N5
案内,N4,N3
ご,,N5
大,N3,
日本語,,
これ,,N1
一覧,,
ようこそ,,
出典,,
テレビ,,N5
による,,
なり,,
三,N5,N1
昭和,,
ファイル,,N1
脚注,,
なく,,N5
なら,N4,
ず,,N3
により,,
前,N5,N1
たら,,
せ,,N5
化,,
平成,,
に関する,,
スタイル,,N3
ガイドライン,,
思い,,
方,N5,N3
ヘルプ,,
金,N3,N1
あなた,,N1
除去,,
】,,
【,,
とき,,N3
使い方,,
によって,,
チーム,,N3
でしょ,,
サッカー,,
ガイドブック,,N1
のみ,,
み,,N3
書か,,
べき,,
たり,,
ブロック,,
だっ,,N2
き,,N5
〜,,
内,N3,N4
だけ,,N1
なかっ,,
ボックス,,
！,,
全,N3,
シリーズ,,N2
何,N5,N3
行っ,,N2
ゲーム,,N3
サイト,,
られる,,
お願い,,
サンド,,
つ,,
見,,
アルバム,,N3
機,N1,
アニメ,,
ドラマ,,N3
大阪,,
ただし,,N2
行わ,,
たち,,
マニュアル,,
リーグ,,
コメント,,N1
野球,,
株式会社,,
こんにちは,,N3
主,,
アメリカ,,N4
＝,,
アカウント,,
ここ,N3,N1
選手権,,
出場,,
たい,,
十,N5,N3
事典,,
ら,,
史,,
続け,,N4
における,,
歳,N1,N5
システム,,N1
および,N2,N1
その後,,
クラブ,,N1
都,N4,N3
よく,,N5
集,,
和書,,
ソート,,
バス,,N5
しかし,,N1
？,,
多く,,
にて,,
デフォルト,,
下さい,,N5
なお,,N1
百科,,
受け,,
に関して,,
カテゴリ,,N1
しまっ,,N3
表記,,
明治,,
各,N1,
中国,,
アメリカ合衆国,,
…,,
→,,N2
市立,,
収録,,
スポーツ,,N5
す,,N3
ドイツ,,
著作,,
使っ,,
すれ,,
書き,,N2
グループ,,N3
センター,,N3
よ,,N1
四,N5,N3
京都,,
×,,N2
ほか,,N3
にとって,,
概要,,
フランス,,
まず,,N3
オリンピック,,
頁,,N5
新規,,
シングル,,
スペース,,N1
すぐ,,N1
イギリス,,
プロ,,N3
その他,,N2
艦,,
詳しく,,
没,,
なさ,,
ラジオ,,N5
もし,,N4
画面,,
テンプレート,,
どう,N3,N2
に対して,,
名古屋,,
ながら,,
府,,
呼ば,,
シーズン,,N2
そう,N3,N1
はじめまして,,N2
路線,,
なけれ,,
体,N5,N3
いい,,N3
そのもの,,
構い,,
読ん,,
”,,
しよ,,
せる,,
ましょ,,
ガイド,,N1
転送,,
ま,,N3
あ,,
作詞,,
変換,,
北海道,,
あれ,,N5
団,,
側,N3,N1
表示,,
楽曲,,
ニュース,,N5
ところ,,N5
隊,,
上部,,
メッセージ,,N1
とても,,N1
現,,
計画,N4,N3
実り,,
勝,,
メンバー,,N3
多き,,
同年,,
わから,,
ファースト,,
改名,,
ござい,,
荒らし,,
タイトル,,N1
キャラクター,,
／,,
ステップ,,
明記,,
受賞,,
直し,,
“,,
え,,N5
復帰,,
※,,
さらに,,N3
車両,,
回避,,
書,,N1
初心者,,
トレーニング,,N2
法人,,
間違え,,
院,,
または,,N4
出,,
兼ね,,N2
でし,,
福岡,,
当該,,
に対する,,
省,,
みなさん,,N5
改竄,,
広島,,
うち,,N4
経,,N3
プロジェクト,,
ちょっとした,,
曖昧,N1,N2
作り上げる,,
ワンポイント,,
○,,
官,,
イタリア,,
いたし,,
ロシア,,
両,,
横浜,,
編曲,,
六,N5,N1
配信,,
注釈,,
サイズ,,N1
いう,,N3
県立,,
用い,,N3
得,,
こちら,,N5
備考,,
存命,,
モデル,,N2
海軍,,
ありがとう,,N3
ご覧,,N2
しか,,
愛知,,
お知らせ,,
知ら,,N4
ち,,N4
韓国,,
そして,,N3
なし,,
時点,,
書い,,
条,,N3
文庫,,
所在地,,
父,,
テーマ,,N2
七,N5,N3
研究所,,
ライブ,,
陸上,,
専門,,
グランプリ,,
特筆,,
未,N1,
国道,,
件,N1,
かも,,
本社,,
新潟,,
わ,,N3
それぞれ,,N3
ちゃん,,N4
千葉,,
デビュー,,
かつて,,N1
アジア,,N4
当初,,
財団,,
重,N1,
じ,,N4
これら,,N3
と共に,,
鈴木,,
サービス,,N3
とも,,N3
之,,N1
年月日,,
佐藤,,
副,N1,
思わ,,N3
デザイン,,N1
帝国,,
とともに,,
論,,
ダム,,N2
持っ,,
国内,,
良い,N1,N3
こ,,N4
こう,,N4
データ,,N1
☆,,
誌,,
スーパー,,
藩,,
り,,
バンド,,N2
真,,N1
埼玉,,
いく,,N1
付,,N1
イベント,,
項,,
フジテレビ,,
達,,
リリース,,
師,,
最大,,
代目,,
アップ,,N1
マン,,
運動,N4,N3
田中,,
米,N4,N5
ノ,,N5
ログイン,,
神奈川,,
使わ,,
ヨーロッパ,,N3
ゆう,,
運行,,
どの,,N1
士,,N1
すべて,,N3
船,N3,N4
無い,,
山口,,
作っ,,N2
開業,,
福島,,
ネット,,
江戸,,
分割,,
競走,,
まま,N3,
盤,,N3
大正,,
静岡,,
長野,,
いただき,,N1
わけ,,N4
初代,,
スペイン,,
ほう,,N3
母,,
学園,,
英,,
支援,,
編成,,
ものの,N2,
夜,N5,N3
認め,,
コード,,N3
岡山,,
やめ,,N3
神戸,,
る,,
中村,,
陸軍,,
〈,,
太,,
といった,,
検証,,
入り,,
回戦,,
言う,N5,N3
運転,N4,N3
更新,,
別名,,
エンジン,,N3
部隊,,
加筆,,
屋,,
思っ,,
デジタル,,
兵庫,,
山田,,
聖,,
平,,
−,,
自治体,,
加え,,N3
，,,
天,N1,
系列,,
族,,
上記,,
いっ,,N3
〉,,
類,N1,
高橋,,
要,,
郎,,
岐阜,,
声優,,
あるいは,,N3
プロデューサー,,
九,N5,N3
しれ,,N1
付け,,
誰,N5,N1
スペシャル,,
与え,,
ほとんど,,N4
アイドル,,
当,,
｜,,
沖縄,,
会長,,
述べ,,N3
王国,,
ひ,,N4
ロック,,
言わ,,N3
オリコン,,
熊本,,
リスト,,
座,,
カード,,N3
搭載,,
ファン,,N1
選出,,
オリジナル,,
市町村,,
マーク,,N1
ニューヨーク,,
ケース,,N3
堂,,
日本テレビ,,
テレビ朝日,,
ルール,,N1
里,,
ホーム,,N3
鹿児島,,
見る,N3,N5
言っ,,
出し,,
龍,,
明,,
いずれ,,N3
理事,,
ポジション,,N1
ガン,,
そこ,N3,N1
ユーザー,,
多数,,
札幌,,
周年,,
レース,,N1
く,,N3
ベスト,,N1
入力,,
よい,,N3
計,N3,
ビル,,N4
秋田,,
長崎,,
死去,,
オープン,,N1
愛称,,
アナウンサー,,N4
含ま,,
台湾,,
個,N1,
路,,N5
各国,,
１,,N5
吉田,,
かつ,,N4
移籍,,
小林,,
のち,,N3
再度,,
山本,,
テスト,,N5
ローマ,,
杯,N1,
記,,
石川,,
属,,
メイン,,
コミュニティ,,
九州,,
ソフト,,N4
もと,,N3
ゲスト,,N1
レコード,,N5
ただ,,N3
全日本,,
ステージ,,N2
仙台,,
ふ,,
初期,,
朝鮮,,
挙げ,,N4
背番号,,
伊藤,,
カップ,,N5
伴い,,
講談社,,
よる,,N3
準,,
松本,,
ごと,,N1
求め,,
ぶり,,
清,,
スタッフ,,
かけ,,N1
ミュージック,,N1
入っ,,N5
太郎,,
即時,,
ロード,,
スター,,N3
チャンネル,,N1
界,,N3
アカデミー,,
ホール,,N1
自ら,,
富山,,
スタジオ,,N1
コーナー,,N1
おら,,
限り,,N1
自動的,,
もしくは,,N1
に対し,,
由来,,
実,N3,N1
じゃ,,N5
亜,,
同時に,,
にかけて,,
検索,,
くる,,N5
順位,,
自体,,
敗,,
取得,,
宗,,
ジャンル,,N1
ほぼ,,N3
加藤,,
渡辺,,
―,,
ジョン,,
含め,,N2
コンピュータ,,N4
てる,,N2
ソング,,
メディア,,N1
武,,
兵,,
国鉄,,
つけ,,
予選,,
都道府県,,
ボタン,,N5
ワールド,,
題材,,
ゆ,,N4
２,,N5
沿革,,
エピソード,,
姫,,
伝,,
取締役,,
奈良,,
ベース,,N1
茨城,,
＆,,
体重,,
改称,,
アーカイブ,,
号線,,
プレビュー,,
砲,,N3
大きく,,
経験,N4,N3
業,N1,
連載,,
日本人,,
通算,,
良,,
ラグビー,,
著,N1,
ロンドン,,
立,,N2
除い,,
歴,,
名義,,
インド,,
クラス,,N5
李,,
ツアー,,
スケート,,N3
致し,,
め,,N5
徳島,,
店舗,,
新設,,
介,,N2
示し,,
ライセンス,,
メーカー,,N1
宮,,
度度,,N3
空間,N1,
井上,,
パリ,,
清水,,
人員,,
使い,,N1
コース,,N2
そのまま,,N3
宮城,,
週刊,,
令和,,
タイ,,
魔,,
ワールドカップ,,
とか,,
ろ,,
書き換え,,
航空機,,
もう,,N5
入れ,,
カナダ,,
出来,,
領,,N1
’,,
メートル,,N5
ログ,,
ツール,,
宮崎,,
王座,,
おき,,N3
ビデオ,,N3
バレーボール,,
タイプ,,N4
主題歌,,
まだ,,N3
一環,,
仁,,
トップ,,N3
開設,,
魔法,,
福井,,
司令,,
青森,,
投手,,
タグ,,
レギュラー,,N1
継承,,
紀元前,,
歴代,,
お笑い,,
新宿,,
安,,
園,N1,
フリー,,N2
どこ,,N1
東日本,,
選,,
インターネット,,
チャート,,
東京大学,,
戦士,,
あまり,,N3
対戦,,
オーストラリア,,
ジャパン,,
なか,,N3
こそ,N3,
ポイント,,N1
ネットワーク,,
兼,,
機動,,
山形,,
イングランド,,
東北,,
永,,N3
朝日新聞,,
あと,,N3
特記,,
いくつ,,N3
人々,,
彼ら,N4,N3
すでに,,N3
バスケットボール,,
南部,,
さらなる,,
所有,,
ぬ,,
陽,,N4
インタビュー,,N2
ロボット,,
民,,
藤原,,
欧州,,
駆逐,,
っ,,
顔,,
インターチェンジ,,N1
やすく,,
川崎,,
サブ,,
ドル,,
同じく,,
ひとつ,,N5
社名,,
アクセス,,
だろ,,
オランダ,,
竜,,
栃木,,
教,,N5
フィギュア,,
東映,,
スタブ,,
ユニット,,
動画,,
市長,,
華,,N5
手動,,
タレント,,N1
テレビ東京,,
東海,,
認定,,
池田,,
むら,,N5
って,,
総務,,
井戸端,,
多,,
プロフィール,,
令,,
はじめ,,N1
米国,,
ギター,,N5
ストーリー,,
帝,,
レベル,,N2
ナタリー,,
角,N5,N1
キャスト,,
ユース,,
剣,,
優,N1,
侵害,,
篇,,N1
かい,,N1
守,,
初回,,
翌,,
果たし,,N2
民主党,,
作る,N5,N2
タイム,,N1
ほ,,
くん,,N4
略称,,
つつ,,
渋谷,,
岩手,,
成,,N3
●,,
大字,,
探偵,,
せい,,N2
角川,,
健,,N3
旧暦,,
戦隊,,
やっ,,N5
地上,,
関西,,N2
ブランド,,
いち,,N3
頂き,,N1
後半,,
作ら,,
大賞,,
阪神,,
純,,
艦隊,,
かなり,,N3
書房,,
どちら,,N1
トン,,N3
イメージ,,
古,N1,
有,,
通称,,
しん,,N1
信,,
コミック,,
特,,N4
ジュニア,,
エリア,,
古墳,,
大型,,
いけ,,N5
弟,N5,N1
それら,,
生年,,
魚,N5,N3
遺産,,
京,,N3
隆,,
気に入ら,,N3
ライン,,
戦後,,
小惑星,,
セット,,N3
よれ,,
戦国,,
残し,,
ヒット,,
つき,,N3
下記,,
け,,N4
編入,,
制御,,
シティ,,
ピアノ,,N4
皇帝,,
木村,,
似,,
北京,,
市内,,
録,,
とう,,N3
スタート,,N2
レ,,
隣接,,
エンディング,,
ランキング,,
言及,,
はず,,N4
署,,
たく,,N3
感,,
言え,,
将軍,,
義,,
本店,,
カラー,,N2
電,,
まとめ,,N1
ウイルス,,N1
配偶,,
実業,,
ブラジル,,
なぜ,,N1
転載,,
いえ,N3,N5
アーティスト,,
かん,,N3
和歌山,,
続い,,
描か,,N3
アフリカ,,N4
三重,,
関,,
死没,,
樹,,N5
＞,,
ホテル,,N5
在,,
知っ,,
子会社,,
香港,,
バージョン,,
申し,,
史上,,
亭,,
球団,,
ドラフト,,
オンライン,,N1
設け,,
よし,,
決め,,
最,,
拠点,,
伯,,
佐賀,,
康,,
分かり,,
鳥取,,
コンビ,,
のに,N4,
愛媛,,
ホームページ,,
来歴,,
県道,,
々,,
豊,,N3
治,,
くれ,,N3
スタジアム,,
ばかり,,
佐々木,,
エネルギー,,N3
創設,,
東宝,,
ロゴ,,
國,,N5
広域,,
出力,,
要約,,
コロナ,,
超える,N2,N3
広く,,
自衛隊,,
やすい,,N5
強く,,
ブルー,,N1
人名,,
比,,
香川,,
ポーランド,,
いわ,,N3
残っ,,
視聴,,
男女,,
今日,N5,N3
政,,
生涯,,
取引,,N1
夏季,,
弘,,N5
群馬,,
イン,,
チェック,,N4
わかり,,
機器,,
高知,,
廃,,N1
北部,,
前身,,
あの,,N1
新型,,
オーストリア,,
山梨,,
全米,,
敗退,,
最優秀,,
大和,,
忠,,
レーベル,,N1
町立,,
ライト,,
カバー,,N2
郷,,
江,,
建,,
幕府,,
クラシック,,N3
分け,,
選ば,,
徳川,,
箇所,N1,N2
申し上げ,,N4
とおり,,N3
戦艦,,
シーン,,
没年,,
出来る,,N3
月刊,,
最新,,
オブ,,
滋賀,,
吉,,
現役,,
すぎ,,N2
西日本,,
うえ,,N5
司,,
戦車,,
広,,N3
トーク,,
テニス,,N4
中山,,
食,,
キー,,
けど,,N4
被,,
トラック,,N3
アニメーション,,
英国,,
けん,,N3
共演,,
長い,N5,N2
見え,,
カリフォルニア,,
丁,,
そもそも,,
騎士,,
プロレス,,
語っ,,N3
ジョージ,,
師団,,
プログラム,,N2
イオン,,
モード,,
展,,
ど,,N3
将,,
前作,,
朝日,,
修,,N1
行く,N5,N1
レッド,,
満,,
音声,,
層,,
ソウル,,
監修,,
スウェーデン,,
もっ,,N3
３,,N1
建造,,
徳,,
ボール,,N3
コレクション,,N2
離れ,,
恵,,
裁判所,,
参戦,,
低,,
剛,,
ミサイル,,
中華人民共和国,,
定,,
言い,,N2
中日,,
洋,,
キング,,
竣工,,
０,,N5
学院,,
金沢,,
ダンス,,N3
ボクシング,,
オープニング,,
貴,,
いき,,N3
上げ,,
定め,,
カー,,N3
富士,,
紀,,
鎌倉,,
岡田,,
栄,,
伯爵,,
伝え,,
諸島,,
つまり,,N3
略歴,,
軍人,,
山崎,,
いろいろ,,N1
モンスター,,
反,N1,
カメラ,,N5
ゴールデン,,
ガス,,N4
隻,,
ドラゴン,,
スコア,,
保,,N3
日刊,,
域,,
中島,,
太田,,
合戦,,
中野,,
高く,,
術,,
上映,,
よろしけれ,,
香,,N3
つもり,,N4
町村,,
翌年,,
西部,,
張,,
変わり,,
前田,,
進,,N3
トンネル,,N3
あたり,,N3
不要,,
執行,,
久,,N4
プロダクション,,
表明,,
再開,,
ウクライナ,,
殺害,,
津,,
ボーカル,,
空軍,,
まち,,N3
後期,,
披露,,
グリーン,,
橋本,,
★,,
基づい,,N3
標高,,
原語,,
四国,,
ゴルフ,,
弁護士,,
集め,,
変え,,
医,,
指名,,
ミス,,N3
漢,,
昇格,,
《,,
メキシコ,,
ソ連,,
編纂,,
魂,N1,
博,,
ミニ,,
たび,,N3
きっかけ,,N2
昌,,
選抜,,
中部,,
バック,,N2
ミュージシャン,,
ナンバー,,N2
サポート,,
コピー,,N3
プレイヤー,,
彩,,N1
描い,,N3
同社,,
マイル,,
ほん,,N5
呼称,,
得票,,
みんな,,N4
》,,
少なくとも,N1,N2
自由民主党,,
使える,,
差し戻し,,
か月,,N1
見せ,,N5
メジャー,,
使え,,
進め,,N3
不適切,,
ビジネス,,N1
緯,,
練習,N5,N3
読売新聞,,
おかけ,,N2
ゆき,,N5
連隊,,
繰り返し,,
読売,,
コンサート,,N4
ソビエト,,
プロデュース,,
ソフトウェア,,
うた,,N5
％,,
フォード,,
そこで,,N3
こく,,
産,,
大量,,
ジャンプ,,N1
ネタ,,
茂,,N2
おお,,
消滅,,
延,,N3
機体,,
ユダヤ,,
アイルランド,,
智,,
国勢調査,,
青木,,
こうした,,
連,,
太平洋,,
在籍,,
アクション,,
広報,,
慶,,N4
ローカル,,
岡崎,,
敗れ,,
芸人,,
度目,,
バトル,,
村上,,
海上,,
晴,,N5
データベース,,
視,,
ブラック,,
天使,,
上野,,
同日,,
ショー,,N1
スキー,,N3
あい,,N3
休止,,
近鉄,,
翔,,N2
タウン,,
人事,,
管轄,,
上海,,
淳,,
装,,
軽,,
パン,,N5
レポート,,N4
仮面ライダー,,
準備,N4,N3
興行,,
差分,,
停車場,,
宏,,N5
さくら,,N3
マガジン,,
置か,,N5
退任,,
起こし,,
原題,,
キャラ,,
仏教,,
スイス,,
年版,,
勲章,,
合,,
桂,,
呉,,
持ち主,,
市川,,
山下,,
ポルトガル,,
男爵,,
松山,,
送信,,
リング,,
東部,,
武田,,
ルート,,
りつ,,N3
和田,,
応じ,,N3
くらい,,N5
第三者,,
近藤,,
済み,,
示さ,,
だい,,N3
異なり,,
ハンガリー,,
浩,,
戦略,,
ロサンゼルス,,
陣,,
済,,
どうぞ,,N5
一郎,,
対立,N1,N2
ランド,,
中川,,
車体,,
ウィリアム,,
巡洋艦,,
艇,,
ディレクター,,
テキスト,,N4
裕,,
小川,,
ド,,
走,,
開幕,,
仮面,,
命名,,
←,,N2
石井,,
付属,N1,N2
本線,,
メール,,
称号,,
興,,
早稲田大学,,
ソロ,,N1
ミュージカル,,
小学館,,
あき,,N5
泰,,
立ち,,
〕,,
忘れ,,N4
上田,,
羅,,
ふりがな,,N2
〔,,
日間,,
寿,,
高松,,
さえ,N3,
ゼロ,,
王者,,
加盟,,
近年,,
創業,,
べ,,
田村,,
＜,,
巨人,,
阿部,,
クイズ,,N1
晋,,
孝,,
パーク,,
加,,
銀河,,
旨,,
嘉,,N2
黄,,
斗,,
のり,,N2
佐,N1,N3
いただく,,N3
挿入,,
載せ,,N3
あん,,N3
いわゆる,,N3
国旗,,
体育館,,
毎日新聞,,
後継,,
集英社,,
プレー,,
藤,,
ナショナル,,
歌詞,,
作画,,
マッチ,,N5
さいたま,,
．,,
留意,,
ゴール,,N3
出さ,,
従業,,
松平,,
亮,,
立候補,,
祐,,
霊,,
思え,,
ロ,,
キロ,,N3
カトリック,,
けい,,N1
イラスト,,
終わっ,,
ニュー,,N1
好,,
自,,
全長,,
同名,,
劉,,
景,,N3
共著,,
異,,
ベトナム,,
ギリシャ,,
ドライバー,,N1
らしい,,
伊,,N1
追記,,
寛,,
剤,,
おく,,N5
せよ,,
とり,,N5
申し立て,,
秀,,
帰れ,,
リー,,
荘,,
大橋,,
小型,,
甲,N1,
伊勢,,
斎藤,,
前述,,
ちゃ,,N3
強,,
いただい,,N3
ロードレース,,
大野,,
もん,,N1
多重,,
そんな,,N4
アート,,
唐,,
叢書,,
島根,,
町名,,
堺,,
パーソナリティ,,
弁,,
ざる,,
聞い,,
アン,,N2
建て,,
ソース,,N1
つく,,N5
朝刊,,
幸,,
比べ,,
たん,,
入団,,
プレス,,
本塁打,,
ダイヤ,,N3
すら,,
共産党,,
快速,,
藤田,,
起き,,N5
ずつ,,
出現,,
チャンピオン,,
そういう,,
ジャ,,N2
最多,,
後述,,
証券,,
マスター,,N3
お世話,,
いただける,,
舞,,
交響,,
戻っ,,
立て,,
規則,N4,
防御,,
相談,N4,N3
芸名,,
かかわら,,
歩兵,,
事例,,
ベルリン,,
環,,N3
リン,,
男優,,
りん,,
前半,,
知,,
ちょっと,,N1
青山,,
ハイ,,
初め,,N1
訪れ,,
一貫,,
受け付け,,N4
ロケット,,N3
いかが,,
グランド,,N3
始まっ,,N5
バグ,,
しばしば,,N3
連結,,
三郎,,
報,,
原子力,,
トーナメント,,
向かっ,,
ガ,,
工,,
積極,,
あろ,,
告知,,
エジプト,,
官報,,
バイパス,,
オール,,
ワイド,,
かおり,,N3
帰属,,
祭り,,N3
ぼ,,N5
ワシントン,,
なん,,N1
後藤,,
しばらく,,N4
わかる,,N2
創,,N3
大宮,,
小野,,
韓,,
モンゴル,,
東日本旅客鉄道,,
ひろ,,
ベルギー,,
貞,,
生じ,,N3
全域,,
乱,,
を通じて,,
もっと,,N5
演じ,,N1
いただけ,,
副作用,,
朝日放送,,
フィールド,,
徹,,N4
大島,,
リーダー,,
松竹,,
長谷川,,
割,N1,
駅前,,
［,,
有限,,
帰国,,
大変,N3,N5
判明,,
しま,,N4
トルコ,,
てん,,N4
起用,,
とっ,,
飛,,
菜,,
上場,,
テレビジョン,,
取っ,,
装甲,,
北九州,,
県内,,
保障,N1,N3
高田,,
あわせ,,N1
浦,,
知り,,N2
利,,
ファイナル,,
あら,,N1
失礼,,
勝手,,
ジャン,,
沙,,N4
持た,,N1
準決勝,,
藩主,,
乗降,,
パスワード,,
年表,,
輝,,N3
倶楽部,,N1
たま,,N3
球場,,
ポール,,
悠,,
ブック,,
本当に,,
大韓民国,,
無く,,N2
棟,N1,
］,,
限ら,,N3
オペラ,,
松田,,
次元,,
生誕,,
まつ,,N5
希,,N2
近,,N5
若,,
勇,,
浜松,,
短期大学,,
生き,,
不詳,,
関数,,
形状,,
目指し,,
チェコ,,
特典,,
アメリカン,,
止め,,
藤井,,
ちなみに,,
呼ん,,
子ども,,N5
とる,,N5
市営,,
学区,,
とら,,N3
メダリスト,,
市街地,,
さまざま,,N3
まる,,N3
北朝鮮,,
やや,,N3
パワー,,
紅,,N5
備え,,
放映,,
東急,,
ハウス,,
かく,,N5
機種,,
井,,
モスクワ,,
現存,,
撤退,,
造,,N2
打,,N1
鶴,,
西村,,
良く,,N5
陳,,
増え,,N4
大輔,,
ニッポン,,
シアター,,
答え,N1,N4
洞,,
わずか,,N3
食べ,,N5
デ,,
少なく,,N2
坂本,,
ホールディングス,,
咲,,N3
一意,,
理,,
武蔵,,
株主,,
落選,,
キリスト,,
やはり,,N3
名鑑,,
電鉄,,
三浦,,
変わっ,,
バー,,N1
一族,,
もちろん,,N3
すなわち,,N3
音楽家,,
頼,,N5
かまわ,,
開校,,
買収,,
超え,,
忍,,
ヒーロー,,
生放送,,
プラス,,N3
マシン,,
福田,,
不可能,,
市役所,,
ああ,,N1
常,,N3
児,N1,N4
フィリピン,,
雅,,
キャンパス,,N2
小倉,,
ハート,,
置い,,
セ,,
ゴールド,,
業界,,
たとえば,,N4
イスラエル,,
晃,,N1
みなさ,,N5
協同,,N3
岡,,N3
連携,,
フジテレビジョン,,
支部,,
殺し,,
フィルム,,N5
前年,,
ドア,,N5
登板,,
クレジット,,
記さ,,N1
増,,
入口,N5,N1
スコットランド,,
野村,,
５,,N5
入,,
遠藤,,
当然,,
ごろ,,N3
アルゼンチン,,
先発,,
ころ,,N3
サン,,N5
ボス,,
織田,,
国会図書館,,
豊田,,
きっと,,N4
そ,,
プレミア,,
軍団,,
駅名,,
水戸,,
はん,,N5
４,,N3
パー,,
分校,,
又は,N2,N4
函館,,
らん,,N2
貼り,,N1
マイケル,,
前回,,
アウト,,N3
最強,,
ポケット,,N5
明日,N5,N4
フランス語,,
変身,,
アマチュア,,N1
宇都宮,,
王朝,,
受章,,
宋,,
収め,,
八幡,,
本編,,
とりあえず,,N1
植民,,
キリスト教,,
脚,,N5
日経,,
フットボール,,
侵攻,,
なき,,
特撮,,
ぞ,,
厚生,,
石田,,
デンマーク,,
はる,,N5
近畿,,
拳,,
なさっ,,
澤,,
あげ,,
典,,
みる,,N5
一読,,
わたし,,N5
生月,,
ナイト,,
おか,,N3
ホンダ,,
アイテム,,
分の,,
クリア,,
ロバート,,
おい,,N3
原田,,
昭,,
種別,,
侯,,
告示,,
長く,,
ライフ,,
＋,,
続,,
かね,,N2
新田,,
ラブ,,
現時点,,
返信,,
旧制,,
シングルス,,
ギリシア,,
補,,
サイド,,
保有,,
西武,,
アル,,
川口,,
落語,,
略,,N3
崇,,N1
プロレスラー,,
人数,,
日本経済新聞,,
ベースボール,,
横山,,
蘭,,
平安,,
深,,
代替,,
敬,,
沢,,
氏族,,
ラウンド,,
ワン,,
おすすめ,,
カール,,
次に,,
局長,,
慶應義塾,,
こん,,N2
天文,,
社団,,
ファミリー,,
ひと,,N5
あたる,,N3
狼,,
講座,,
作中,,
ジャック,,
〇,,N5
沿っ,,
キャリア,,N1
ミ,,
取り上げ,,
ドラム,,
進ん,,
譲渡,,
暫定,,
集落,,
社員,,
うる,,N5
冬季,,
バンク,,
柳,,
大塚,,
いただけれ,,
トヨタ,,
俊,,
斉藤,,
駅舎,,
史跡,,
ルイ,,
リア,,
史料,,
駿,,
ぽ,,
プレミアム,,
内田,,
フル,,
松井,,
教皇,,
入門,,
パイロット,,N3
許さ,,
獺,,
関西テレビ,,
ステーション,,
探し,,
勲,,
開,,N3
解体,,
任,,
寄せ,,
弟子,,
推奨,,
きん,,N3
ちょう,,N1
辻,,
レイ,,
産経新聞,,
妖怪,,
朗,,N2
フジ,,
ファンタジー,,
締結,,
顧問,,
案件,,
いん,,N1
アナ,,
エース,,
至っ,,N1
名鉄,,
いか,,N4
インチ,,
成田,,
前期,,
空母,,
スピード,,N1
岡本,,
かかる,,N3
悟,,N1
貴方,,N1
交通省,,
テレ,,
生成,,
硬式,,
取り,,
転記,,
ブレーキ,,N3
サイン,,N3
させ,,
佳,,
反論,,
ユニバーサル,,
ねん,,N1
いれ,,
功,,
キャスター,,
賢,,
舎,,
カタカナ,,N2
サウンド,,
自宅,,
アルファベット,,
ディスク,,
中華,,
コンテンツ,,
京都大,,
しょ,,N1
触れ,,
競輪,,
意,,
堀,N2,N3
せん,,N5
東方,,
すぎる,N5,N4
速,,
ひとり,,N3
祖,,N4
柴田,,
ホワイト,,
秦,,
高木,,
ポスト,,N5
したがっ,,N3
ナレーション,,
盛,,
シ,,
福山,,
諸国,,
電動,,
さま,,N1
ジェームズ,,
駆動,,
日本テレビ放送網,,
べく,,
中華民国,,
博多,,
房,,
実況,,
総理,,
いま,,N3
なれ,,N1
つける,,N3
もっとも,,N3
千代田,,
紋章,,
あらす,,N1
阪急,,
鋼,,
塩,N5,N1
大谷,,
坊,,
騎手,,
引き続き,,
多かっ,,N5
オールスター,,
眼,,N5
テキサス,,
ジョージア,,
伊達,,
フィンランド,,
ラン,,
吉川,,
組み合わせ,N1,N2
ピン,,N3
頂い,,N3
書誌,,
無所属,,
解消,,
多摩,,
楽天,,
ニュージーランド,,
優れ,,N3
避け,,
移管,,
ジャイアンツ,,
役員,,
ヤング,,N1
宣,,
在住,,
学名,,
越,,
吾,,
小山,,
誤字,,
付い,,
ノルウェー,,
三島,,
スポンサー,,
イラン,,
失っ,,N3
毎日放送,,
みたい,,
酒井,,
今井,,
ゲート,,
タワー,,N1
岳,,
必殺,,
ウルトラ,,
スクール,,N2
笑,,N3
クリスマス,,N3
ダウンロード,,
原画,,
ミッション,,
編著,,
総督,,
をもって,,
盛岡,,
基づき,,N3
高山,,
神田,,
竹内,,
薫,,N3
もつ,,N5
大き,,
格闘,,
きょう,,N3
桜井,,
それでも,,N3
ドン,,
参り,,
北条,,
三菱,,
小松,,
たる,,N2
パート,,N4
さい,,N1
おん,,N3
にくい,,N2
ウルトラマン,,
ゆり,,
北西,,
安田,,
傘下,,
皇,,
にあたる,,
ベル,,N4
戻し,,
調,,
みち,,N5
野田,,
敗北,,
昇,,N3
開館,,
カット,,N1
称し,,
哲,,
ドラえもん,,
発着,,
宝塚,,
鐵,,N3
圭,,
おそらく,,N3
まつり,,N3
想定,,
結ん,,N5
まったく,,N3
陵,,
レスリング,,
ロス,,
公社,,
通っ,,N4
阿,,
ある程度,,
早,,
――,,
ジャズ,,N1
妃,,
ヲ,,
サーキット,,
シカゴ,,
寄稿,,
記し,,
洲,,N3
新書,,
よみ,,N3
シンガポール,,
ガール,,
知れ,,
啓,,
バス停,,
宮本,,
五輪,,
南海,,
リニューアル,,
書き込み,,
電撃,,
玄,,N5
戦時,,
尋常,,
キャプション,,
戦前,,
住ん,,N3
保持,,
ヒロイン,,
大隊,,
琉球,,
クロス,,
タクシー,,N5
ぼく,,N4
インターナショナル,,N1
下部,,
魏,,
言える,,
疑い,,
チャールズ,,
島田,,
佐野,,
ハード,,
お詫び,,
警視庁,,
首長,,
瀬,,
美少女,,
ストリート,,
分から,,
明示,,
投げ,,
残さ,,
幻,,
参謀,,
安藤,,
ナレーター,,
日産,,
リード,,
ポップ,,
水系,,
派生,,
大佐,,
α,,
弥,,
金子,,
北東,,
なんて,,N1
落ち,,
ダウン,,N1
横須賀,,
魔女,,
ドライブ,,N3
森田,,
片,,
正体,,
甲子園,,
両者,,
活性,,
サウンドトラック,,
付与,,
共有,,
各駅,,
天文学,,
卿,,
武将,,
プール,,N5
タッグ,,
まさ,,
日野,,
ラテン,,
ゴジラ,,
ランク,,
既存,,
控え,,
チャンピオンズ,,
巡,,
マンガ,,N4
別冊,,
くま,,
構築,,
居,,
死後,,
マラソン,,N2
ボード,,
生息,,
こんな,,N5
くり,,
北陸,,
─,,
埋葬,,
ブルース,,
いし,,N3
皇后,,
彰,,
照,,N1
足利,,
プレ,,
表彰,,
戦線,,
旭,,
ほしい,,N5
朱,,N5
インドネシア,,
橘,,
あくまで,,N2
南西,,
跡地,,
命じ,,N3
ケーブル,,
らい,,N3
メダル,,
ビッグ,,
かた,,N3
紗,,
あらかじめ,,N1
見つけ,,N4
消え,,N5
チャレンジ,,
法学部,,
シナリオ,,N1
テン,,
白石,,
げ,,
ボランティア,,
いつ,,N1
衣,,
重ね,,
駐,,
アドレス,,
替,,N4
悪く,,
みどり,,N5
兵衛,,
勉強,N5,N3
小島,,
端末,,
幼少,,
遺伝子,,
あゆみ,,N1
数値,,
まり,,
小学,,
起こっ,,N3
豪,,
ピクセル,,
殺,,N1
やる,,N1
車種,,
送っ,,N4
平凡社,,
音響,,
まい,N3,N1
寧,,N3
キャンペーン,,
所蔵,,
菊池,,
まあ,,N3
‘,,
輸入,N4,N3
研,,N4
戦死,,
深く,,
郷土,,
シート,,N1
信長,,
開局,,
三木,,
ぜ,,
投,,
どうも,,N5
駒,,
そちら,,N1
官房,,
支社,,
ダブルス,,
キロメートル,,N5
関わら,,
黒田,,
ン,,
ドリーム,,
鷹,,
問わ,,
ターミナル,,
聡,,
キーボード,,
離脱,,
トム,,
はっきり,,N4
棋士,,
有し,,
達し,,
ショップ,,N2
大将,,
たけ,,N2
ジム,,
開か,,
ギャラリー,,
全面,,
やり,,
属し,,
ボディ,,
業種,,
解析,,
ガラス,,N4
歌唱,,
ポンド,,
決戦,,
卓球,,
中田,,
ニーズ,,
リボン,,N2
売却,,
メトロ,,
呂,,
ヘンリー,,
やがて,,N3
浦和,,
馬場,,
卒,,
乗っ,,N1
戦史,,
気筒,,
パソコン,,N4
翌日,,
音源,,
話し,,N5
パートナー,,
くれる,,N4
スミス,,
ぶ,,N1
レストラン,,N5
死ん,,
親族,,
コンテスト,,N1
登,,N3
満たし,,N1
ウィーン,,
アシスタント,,
改,,
肖像,,
ユナイテッド,,
当主,,
これから,,N4
斉,,
早く,,
養子,,
アリス,,
号機,,
ジャケット,,
デモ,,N3
東経,,
改め,,
任意,,
士官,,
角川書店,,
原案,,
和名,,
水野,,
ロー,,
双,,
歴任,,
リチャード,,
標準時,,
ジェット,,
承,,
姫路,,
ニコニコ,,N2
何らかの,,
種目,,
東芝,,
岩波書店,,
刊,,
みなみ,,N5
てつ,,N3
女神,,
決まっ,,
長岡,,
ブル,,
八王子,,
大山,,
大久保,,
大日本帝国,,
欅,,
オーディション,,
モーニング,,
出走,,
台車,,
庁舎,,
丸山,,
日立,,
ラスト,,
木下,,
町田,,
交代,,N2
在位,,
奴隷,,
謝罪,,
ならびに,,N1
脱字,,
ビット,,
山城,,
中京,,
北緯,,
春日,,
フランク,,
コア,,
芸能人,,
ミステリー,,
爆撃,,
間違っ,,
皆様,,
にわたって,,
瀬戸,,
文学部,,
もともと,,N2
我,,
行方,,
日本国,,
着用,,
大名,,
起こす,N1,N4
少将,,
を通して,,
麦,,
静,,
バルセロナ,,
毎,N1,
セブン,,
熊,,
飯田,,
由,,
分かれ,,
大津,,
ショッピング,,
どんな,,N3
衛門,,
月間,,
えん,,N3
涼,,
石原,,
品川,,
リスク,,
南東,,
環状,,
南アフリカ,,
併合,,
ハワイ,,
尊,,
授与,,
議席,,
ファッション,,
隠し,,
マリア,,
次郎,,
管区,,
紅白,,
聖堂,,
同期,,
安倍,,
破り,,
他者,,
ソニー,,
保安,,
セルビア,,
終え,,N3
がん,,N1
央,,
ドキュメンタリー,,
攻略,,
元号,,
師範,,
山内,,
市議会,,
ダブル,,N2
オフィス,,N3
調教,,
殿堂,,
レコーディング,,
バラ,,
増刊,,
単行,,
信じ,,N3
分秒,,
繁,,
荒川,,
経っ,,N1
殺さ,,N3
タン,,
中等,,
呼び,,
コマ,,
ヘッド,,
伝承,,
銀座,,
小泉,,
ミルク,,N3
射撃,,
マイ,,
喜,,N4
星野,,
自社,,
関わっ,,N2
テロ,,
遠,,
婦,,N3
高崎,,
出発,N4,N3
佑,,N3
パターン,,N2
柏,,
閉店,,
公爵,,
評議,,
グローブ,,
かける,,N4
スカイ,,
ユーロ,,
湘南,,
モバイル,,
中将,,
づくり,,
失わ,,
ジャーナリスト,,N2
ラリー,,
即位,,
産経,,
潤,,
すけ,,
伊東,,
古く,,
特性,,
水上,,
短,,
幕末,,
臨床,,
スリー,,
関わる,,N2
ゆく,,N1
引数,,
佐伯,,
暁,,
大震災,,
中隊,,
海賊,,
学ん,,N2
職名,,
錦,,
選ん,,
親王,,
甲府,,
崎,,N2
前橋,,
消し,,N4
初頭,,
大手,,
中期,,
やす,,
細川,,
大田,,
停留,,
趙,,
西側,,
次代,,
鹿島,,
フロント,,N1
コーラス,,N2
ウェイ,,
ディズニー,,
ルイス,,
乃木坂,,
桃,,
外野,,
マス,,
員数,,
気動車,,
解,,
コンクール,,N2
熊谷,,
監査,,
９,,N3
疾患,,
期生,,
綾,,
安打,,
亡くなっ,,N4
新潮社,,
モチーフ,,
ごく,,N1
仮に,,
マリ,,
勢,,N3
吉野,,
しかしながら,,N1
ふく,,N5
拓,,
トラブル,,N1
ラーメン,,
条例,,
バイエルン,,
簿,,
府中,,
倉,,N1
心配,N4,N3
唄,,N5
率い,,N1
外務省,,
分岐,,
辞任,,
アンケート,,N1
セル,,
浜田,,
あらゆる,,N3
毛利,,
てれ,,
法的,,
再編,,
ねる,,N5
アレンジ,,
台北,,
ママ,,N3
胡,,
貨車,,
文部,,
季,,
ドーム,,
守護,,
梁,,
恒星,,
しかも,,N3
次男,,
いちご,,
ろう,,
准,,
併設,,
開い,,
双方,,
諏訪,,
考え方,,
質量,,
遠征,,
儀,,
認知,,
牡,,N1
パッケージ,,
藍,,
異なっ,,N3
取扱,,N1
検定,,
ライバル,,
大地,,
近江,,
魔術,,
退団,,
艦船,,
艦艇,,
本田,,
乙女,,N3
船橋,,
トニー,,
甲斐,,
容量,,
本拠地,,
独,,
いらっしゃる,,N4
ユニオン,,
學,,N5
旅団,,
ジョー,,
自民党,,
要塞,,
続編,,
アリ,,
松尾,,
守っ,,
全線,,
バン,,N3
神宮,,
エア,,
古川,,
藤沢,,
愛し,,
川上,,
工藤,,
ルーマニア,,
帰還,,
提起,,
禄,,
本日,,
越え,,
輸出,N4,N3
祥,,
奇跡,,
死者,,
頭部,,
直樹,,
でん,,
デザイナー,,
牙,,
学長,,
移植,,
梨,,
力士,,
総数,,
よって,,N1
失点,,
室町,,
扱わ,,N3
ロング,,
薩摩,,
しろ,,N5
名付け,,
アラブ,,N1
哲也,,
亀,,
マリオ,,
さて,,N3
立川,,
県知事,,
西川,,
有用,,
公益,,
ワイン,,N3
パス,,N3
農,,
供用,,
グローバル,,
搭乗,,
高野,,
ヤマト,,
海戦,,
イラク,,
魔王,,
久保,,
八戸,,
はるか,,N1
家臣,,
ボクサー,,
容疑,,
大井,,
ソフトバンク,,
梅田,,
滑走,,
余,,
人権,,
カフェ,,
ハンター,,
秀吉,,
伸,,N3
たつ,,N2
徐々に,N3,
市原,,
プライバシー,,
ケン,,N4
はら,,N3
ブラウン,,
キャプテン,,N3
バレエ,,
コナン,,
指し,,
太字,,
日誌,,
区立,,
クロ,,
スト,,
シリア,,
庭園,,
列伝,,
パフォーマンス,,
牌,,
不定期,,
バカ,,N3
岩崎,,
当方,,
リアル,,
朝日新聞社,,
岩波,,
西経,,
赤坂,,
三井,,
山中,,
河野,,
享,,N4
ふるさと,,N3
フロリダ,,
同上,,
無人,,
試作,,
駅伝,,
コロンビア,,
運航,,
フェスティバル,,
番台,,
葵,,
旭川,,
エン,,N5
ブルガリア,,
いえる,,
麻雀,,
学位,,
渡っ,,N5
勇者,,
コール,,
短時間,,
全幅,,
村田,,
上杉,,
任期,,
品番,,
アンド,,
マップ,,
懸念,,
冠し,,
北米,,
ウィリアムズ,,
要件,,
コート,,N5
コンセプト,,
鳳,,
定数,,
打率,,
外伝,,
松原,,
主力,,
終盤,,
コメディ,,
後方,,
アーケード,,
戸田,,
ルー,,
ステークス,,
材,,
装着,,
発信,,
法令,,
奏者,,
合わ,,N3
維新,,
内野,,
無かっ,,
推移,,
歌っ,,N5
新作,,
フォン,,
お隣,,
犯,,
立憲,,
ミュンヘン,,
敏,,
療法,,
ふつ,,N1
天正,,
内藤,,
オレンジ,,N1
およそ,,N3
ジョンソン,,
ユーザ,,
ヤード,,
空手,,
ご存知,,N4
リレー,,
ボーナス,,N2
京王,,
コミュニケーション,,N1
出馬,,
電化,,
菌,,
選定,,
曰く,,
資,,
社会党,,
認可,,
ドクター,,
定着,,
押し,,
除き,,
ピンク,,N2
包囲,,
総裁,,
運動公園,,
ダイヤモンド,,N2
マレーシア,,
△,,
永井,,
周波数,,
６,,N1
実装,,
至,,
バイト,,
世田谷,,
松浦,,
大相撲,,
もも,,
ライダー,,
立っ,,
航,,N3
チリ,,
７,,N3
兼任,,
服部,,
アナログ,,
土佐,,
まずは,,
南京,,
れい,,N3
エドワード,,
帰っ,,
南緯,,
出土,,
出雲,,
牧野,,
防災,,
分かる,N5,N2
仙,N1,
庵,,
塚,,
取ら,,
ダメージ,,
系譜,,
東武,,
塗装,,
パック,,
ロケ,,
ふん,,N1
秋山,,
小田原,,
藤本,,
フライ,,
川島,,
ゾーン,,
ニッポン放送,,
健一,,
次第に,,
己,,N1
斎,,N3
現職,,
ワンマン,,
本件,,
かかっ,,
予告,,
アリーナ,,
池袋,,
木造,,
鈴鹿,,
厚,,
客車,,
働い,,
高齢,,
単行本,,
待っ,,
ペ,,N5
目黒,,
あまりに,,
じん,,
準々,,
近世,,
国外,,
尾崎,,
扱っ,,N3
モール,,
プロモーション,,
大公,,
魚雷,,
よろしい,,N3
マネージャー,,
ダン,,
廣,,N3
田辺,,
書院,,
五郎,,
聞き,,
インター,,
プレーオフ,,
クラ,,N5
打席,,
つか,,
発動,,
さき,,N5
シドニー,,
毅,,
始,,N1
続けれ,,N4
ミラー,,
上院,,
子女,,
北村,,
抱い,,
カンパニー,,
府立,,
たくさん,,N1
たけれ,,
北方,,
誤っ,,
相模原,,
カラオケ,,
三田,,
医学部,,
解任,,
実在,,
くし,,N2
浅野,,
きちんと,,N3
同人,,
松岡,,
ピーター,,
家康,,
みな,,N4
報じ,,N1
足立,,
もらっ,,
衛,,N3
臣,,
コト,,
若者,,
起,,
顕,,
北側,,
ひろし,,
陽子,,
アトランタ,,
囲碁,,
復讐,,
楽団,,
バランス,,N2
同級生,,
構内,,
有り,,
ハー,,N3
皆無,,
フレーム,,
開店,,
萬,,N5
中原,,
倉敷,,
ゆかり,,
コム,,
一員,,
もらう,,N3
隊長,,
管弦楽,,
女流,,
山川,,
ふり,N3,N1
たか,,
学び,,
加賀,,
セクション,,N1
オーバー,,N3
マル,,N3
シネマ,,
行なっ,,N4
無関係,,
誤植,,
中学生,,
連覇,,
モン,,
ジャクソン,,
乗,,
こういう,,
併せ,,N3
キック,,
もり,,N4
公国,,
想い,,
みや,,
日活,,
在日,,
プレゼント,,N4
ローズ,,
橋梁,,
そば,,N2
生態,,
オート,,
西日本旅客鉄道,,
ノミネート,,
猛,,
存じ,,
熊野,,
平方キロ,,
平田,,
食事,N4,N3
乗り,,
具,,
称さ,,
まんが,,N4
ずっと,,N3
不能,,
わざわざ,N3,N1
格闘技,,
取り下げ,,
総長,,
県議会,,
出席,N4,N3
共和党,,
眞,,N3
新潮,,
スカ,,
サンフランシスコ,,
ライオン,,
オーケストラ,,N2
アテネ,,
書式,,
チャン,,
サークル,,N2
三振,,
立花,,
置き換え,,
撤去,,
マイナー,,
ウエスト,,
落とし,,
ヘビー,,
ヒト,,N5
忍者,,
川越,,
国名,,
結,,N5
大森,,
杉山,,
フィート,,
箇条,,
ウッド,,
鹿,,
マジック,,
施工,,
マイク,,N3
属性,,
ちく,,N3
オプション,,
使,,
短く,,N1
ナチス,,
憲,,N3
シン,,
空襲,,
歌合戦,,
セント,,
コスト,,
コンテ,,
若手,,
果,,
賛同,,
グラビア,,
矢野,,
処刑,,
東側,,
和泉,,
変形,,
墓所,,
見なさ,,
ジャーナル,,
ベイ,,
当事者,,
吹き替え,,
文藝春秋,,
補佐,,
チベット,,
フォント,,
粒子,,
乗員,,
暴走,,
文化放送,,
成形,,
招待,N4,N3
代行,,
改変,,
いす,,N3
ハンドボール,,
創建,,
春秋,,
ジャー,,
炉,,
艦長,,
プログラミング,,
救急,,
修道院,,
に従って,,
組ん,,
休日,,
捨て,,N4
タンパク質,,N1
クリス,,N3
ふたり,,N1
隊員,,
クロアチア,,
瑞,,
ヴァイオリン,,N3
下院,,
に際して,,
リトル,,
交点,,
蒼,,N5
東大,,
稔,,N2
必須,,
河内,,
後任,,
クリック,,
フェア,,
貼ら,,N3
村立,,
市外,,
捕手,,
復元,,
ジョーンズ,,
弘前,,
佐世保,,
やら,,
さよなら,,
スロバキア,,
出資,,
医薬品,,
特番,,
フォワード,,
明治大学,,
恐竜,,
積,,
下関,,
広瀬,,
西田,,
リスナー,,
アダルト,,
リオデジャネイロ,,
まとめる,,N2
子爵,,
卓,,
単発,,
島津,,
公司,,
充,,N4
書記,,
勅,,
一人物,,
航路,,
シャー,,
ポート,,
番線,,
伴っ,,N1
かみ,,N5
米ドル,,
タンク,,
グラウンド,,
邦,,N5
フィクション,,
否,N3,
妖精,,
スマート,,N2
受信,,
プリンセス,,
トーマス,,
打点,,
競合,,
箱根,,
ボイス,,
渡り,,
尾張,,
表し,,N2
聞か,,
靖,,
スポット,,
県民,,
長年,,
太平洋戦争,,
イスラム,,
終,N3,N4
奉行,,
プロセス,,
プラットフォーム,,N2
石橋,,
変わら,,
谷口,,
ペット,,N5
秋元,,
宇宙船,,
サンデー,,
境内,,
サブタイトル,,
緒,,
ローマ字,N1,N2
改編,,
ペア,,N1
黄色,N5,N1
速報,,
大河ドラマ,,
民営,,
過ごし,,N3
レーダー,,
フェラーリ,,
セントラル,,
配備,,
リズム,,N2
トランス,,
めい,,N2
終戦,,
フェリー,,N1
西口,,
貼る,N5,N3
クソ,,
統括,,
ボーイ,,N3
付け方,,
戻り,,
エル,,
二郎,,
高岡,,
＠,,
福音,,
新井,,
パーティー,,N5
明石,,
経済学部,,
車線,,
芸,,
酵素,,
モノ,,
協奏曲,,
数多く,,
きよう,,N3
弦,,
テーブル,,N5
才,,
レン,,N2
ついに,,N3
報知,,
芳,,
護,,N3
もう少し,,
バージニア,,
パンチ,,
フォーミュラ,,
併記,,
怪人,,
つくば,,
助演,,
東山,,
ノン,,
プロイセン,,
利き,,
打者,,
キューバ,,
支局,,
いとう,,
廃車,,
小笠原,,
貼っ,,N3
ムービー,,
実写,,
局番,,
ディーゼル,,
出張所,,
連勝,,
営利,,
クエスト,,
少,,
グラフ,,N1
くら,,
シンボル,,
コーヒー,,N5
示唆,,
鄭,,
牡馬,,
くに,,N5
クイーン,,
神道,,
堤,,
後ろ,N5,N3
豊橋,,
増田,,
則,,
うし,,N3
敦,,
占め,,N3
トイレ,,N5
ライター,,N3
同月,,
ポ,,
小田,,
遺体,,
トラ,,N3
めぐみ,,N1
戦っ,,N3
当地,,
書き方,,
建立,,
戦記,,
朴,,
スズキ,,
右側,,
譜,,
に従い,,
満州,,
南側,,
定理,,
美濃,,
８,,N5
越前,,
振付,,
外見,,
財務,,
やん,,
めぐる,,N2
征,,
融合,,
掲げ,,N1
レビュー,,
育て,,
スキル,,
ヒップ,,
こども,,N5
切,,N1
一宮,,
土屋,,
菅原,,
踏まえ,,N1
プラザ,,
字幕,,
ネーム,,
移し,,
動,,
野口,,
世界中,,
カレッジ,,
抑え,,
協,,N3
官位,,
戦場,,
取り入れ,,
問,N1,N3
なみ,,N3
申,,
自由党,,
正月,,
市電,,
表題,,
閉校,,
おう,,N3
天神,,
支所,,
メガ,,
都立,,
含ん,,
とく,,N3
左翼,,
立つ,N5,N2
師匠,,
ショート,,
一軍,,
降格,,
みん,,
バイク,,
合体,,
らしく,,
麗,,
目撃,,
疑わ,,
媒体,,
リトアニア,,
回想,,
金メダル,,
女学校,,
自称,,
どういう,,
観音,,
達也,,
被告,,
センチメートル,,
釧路,,
車内,,
慶長,,
稿,,
プレート,,
富田,,
歌舞伎,,
たろ,,
皇族,,
アダルトビデオ,,
伊豆,,
みつ,,N1
遼,,
卒業生,,
打ち,,
郡山,,
並ん,,
挙げる,N2,N4
半年,,
偵察,,
提唱,,
中国語,,
モー,,
虐殺,,
百貨店,,
スパイ,,
言動,,
ぐらい,,N1
シンガーソングライター,,
ひな,,
駐在,,
フォーマット,,
人組,,
絵本,,
騎,,
まき,,
王位,,
新曲,,
燕,,
匿名,,
信濃,,
近隣,,
川村,,
羊,,
浅草,,
子守,,
できれ,,
法政大学,,
エリザベス,,
商工,,
逃れ,,
イカ,,
なに,,N3
テレビ局,,
グレード,,
しっかり,,N4
口径,,
ボン,,
カテゴリー,,N1
カン,,N3
ストーン,,
違っ,,N5
漫才,,
もち,,N2
タケ,,N2
関わり,,
マスク,,N2
オハイオ,,
秀樹,,
みゆき,,
ペンシルベニア,,
上げる,N5,N4
渡,,N5
リゾート,,
警察官,,
東海道,,
なくなっ,,
ビーム,,
逃げ,,
にあたり,,
役名,,
トヨタ自動車,,
損傷,,
飲食,,
大原,,
商標,,
向,,N5
制覇,,
スラム,,
大介,,
指数,,
京阪,,
楓,,
是,,N1
メモリ,,
椿,,
挨拶,N3,
レオ,,
マンション,,N2
実家,,
そうした,,
血統,,
村山,,
首位,,
有馬,,
本多,,
固め,,
式典,,
那覇,,
ヒル,,
倒し,,
送ら,,N4
たかっ,,
封印,,
総称,,
通じ,,
大川,,
州立,,
王立,,
砦,,
おかしい,,N4
ゆえ,,
初出,,
える,,N3
貼付,,
彗星,,
ロッテ,,
本土,,
クリ,,
港湾,,
暗号,,
真田,,
路面,,
くろ,,N5
パーツ,,
打ち上げ,,
キス,,
統,,N2
チェーン,,
見受け,,
出会っ,,N3
オールナイト,,
抗,,
代数,,
加わっ,,
建国,,
支え,,
フォーク,,N5
小沢,,
賀,,
近衛,,
トレード,,
日テレ,,
ダメ,,N3
ロイヤル,,
代わっ,,N2
早期,,
豊島,,
本郷,,
駐屯,,
コントロール,,N1
詞,,N5
競泳,,
行なわ,,
夕,,N3
検出,,
日本一,,
新編,,
年金,,
大石,,
コンテナ,,
レーザー,,
前方,,
純資産,,
当局,,
アプリケーション,,
菊,,
新旧,,
ドコモ,,
荒木,,
ともに,,N3
ボート,,N3
新着,,
虚偽,,
久保田,,
白鳥,,
ノベル,,
住吉,,
初演,,
不十分,,
労働省,,
倫理,,
操,,
ソ,,
蒲,,
抱え,,
レンタル,,
れん,,
イエス,,N1
大尉,,
恒,,
ちゃんと,,N3
タイアップ,,
牝馬,,
譚,,
丹,,
置き,,
マツダ,,
救出,,
ラ,,
圓,,N3
分かっ,,
わかっ,,
アーサー,,
数々,,
リポーター,,
完結,,
少佐,,
圧倒的,,
修復,,
快,,
阪,,N4
杜,,N4
退役,,
工学部,,
オスマン,,
ストップ,,N2
カレー,,N5
にあたって,,
回り,N3,N4
奪わ,,N3
オムニバス,,
レンズ,,N2
秀逸,,
タイヤ,,N1
望,,
ヤマハ,,
症候群,,
両国,,
行使,,
低く,,
伏見,,
樋口,,
京成,,
保育園,,
東海大学,,
特設,,
ダンサー,,
親子,,
ルノー,,
うまく,,
半角,,
丹波,,
ホラー,,
えい,,
共編,,
豊臣,,
英名,,
朝倉,,
ノーベル,,
主流,,
オーナー,,
山陽,,
校訓,,
家系,,
小池,,
牧,,
コラボレーション,,
うい,,N1
系図,,
どおり,,
越後,,
片岡,,
白紙,,
手塚,,
差し戻さ,,
メンテナンス,,
減,,
召喚,,
兆,N1,
もらい,,
大西,,
言,,
ヘリコプター,,N2
セーブ,,
ダーク,,
日報,,
描き,,
歌劇,,
ビジョン,,
つと,,
終結,,
珍,,
ベルト,,N3
篤,,N5
晶,,
大村,,
カップリング,,
量産,,
ムーン,,
上流,,
ボストン,,
ギタリスト,,
パ,,
評し,,
西宮,,
アナウンス,,
ばん,,N5
投じ,,
小さく,,
就航,,
三宅,,
インディアン,,
理学,,
ピアニスト,,
阪神タイガース,,
神学,,
巻き込ま,,
（株）,,
任天堂,,
前日,,
戦績,,
めん,,N3
反し,,
美女,,
ふう,,N1
ショット,,
ベン,,N3
健太郎,,
ブライアン,,
アラビア,,
オートバイ,,N4
週末,,
クール,,
延伸,,
ほお,,N3
チャンピオンシップ,,
東口,,
取り消し,,
ライナー,,
吉岡,,
絆,,
高架,,
がっ,,N5
ドット,,
八木,,
いろ,,N5
掲示板,,
亡命,,
海兵,,
松村,,
川内,,
メタル,,
すき,,N5
萌,,N1
ねこ,,N5
バイオ,,
スコット,,
馬力,,
安芸,,
バル,,
河合,,
辞令,,
平井,,
バスターミナル,,
洋子,,
あえて,N2,N1
人文,,
認証,,
そういった,,
キャッチ,,N1
引き,,
奇,,
江戸川,,
岩田,,
外務,,
イスラーム,,
市域,,
ネコ,,N5
銭,,
結城,,
祭神,,
ボーイング,,
ひかり,,N4
南方,,
あす,,N4
高島,,
寄り,,
天保,,
津田,,
エイト,,
語ら,,
ふじ,,
国公私立,,
にわたり,,
松江,,
継,,N2
老,,
ひこ,,
ライヴ,,
マサチューセッツ,,
裕子,,
青葉,,
松下,,
ウィンブルドン,,
見直し,,
出店,,
白井,,
中西,,
鹿毛,,
レール,,
日本海,,
射,,
内戦,,
台詞,,
陸奥,,
日本橋,,
セガ,,
名乗っ,,
ギア,,
菅,,
ファイター,,
そら,,N5
麻生,,
田原,,
継い,,
くち,,N5
ハロー,,
楽章,,
内務省,,
本町,,
位置づけ,,
ゆめ,,N4
パネル,,
西尾,,
可変,,
語り,,
ミドル,,
農林,,
マドリード,,
ペルー,,
ビール,,N3
妄想,,
ブーム,,N1
りゅう,,
塁,,
特命,,
ルーム,,
徐,,N1
アドベンチャー,,
水雷,,
幹事,,
和夫,,
西武ライオンズ,,
送り,,
参,,N1
転,,
大映,,
キン,,N2
被災,,
上がっ,,
手掛け,,
船団,,
相馬,,
緑色,,
満たさ,,N1
所長,,
バーン,,
コマンド,,
有形,,
太夫,,
白山,,
取り付け,,
オー,,
刑務所,,
西山,,
スポーツニッポン,,
失,,
ラテン語,,
田口,,
正教会,,
浩二,,
会津,,
吉本,,
β,,
騎兵,,
新しく,,
月例,,
稼働,,
フォーラム,,
しき,,N3
撤回,,
仕え,,N1
フリ,,N1
勃発,,
久美子,,
時空,,
打順,,
ハーフ,,
違法,,
コント,,
左衛門,,
北野,,
につき,,
天野,,
健太,,
水中,,
正室,,
ディフェンダー,,
釣り,N1,N3
邸,,N1
ランプ,,N1
辰,,
専属,,
吹奏楽,,
爵位,,
岡村,,
スカウト,,
誘拐,,
工房,,
相模,,
ヘッダ,,
尼崎,,
珠,,N3
覚,,
貫,,
ブラ,,
支線,,
伝言板,,
勉,,N3
稲葉,,
ようやく,,N2
ところが,,N3
響,,N2
ファイト,,N1
メカ,,
手がけ,,N1
年報,,
郁,,
改装,,
セカンド,,
主審,,
ちん,,
哨戒,,
東アジア,,
アラン,,
サーチ,,
奪,,N3
民法,,
シルバー,,
別府,,
玩具,N1,N4
範,,
天下,,
支流,,
つくら,,N2
遥,,N1
五十嵐,,
付加,,
弥生,,
澄,,N2
北川,,
桐生,,
度々,N1,N3
留,,
メイド,,
たとえ,,N3
ローマ帝国,,
マーケット,,N3
諒,,
考察,,
源氏物語,,
げん,,
薬物,,
マネジメント,,
名乗る,,
突入,,
蛇,,
処,,N5
右翼,,
ハリウッド,,
放射線,,
散歩,N5,N3
載っ,,
モジュール,,
練馬,,
パナソニック,,
イリノイ,,
コマーシャル,,N1
マンチェスター,,
朝鮮民主主義人民共和国,,
大王,,
りょう,,N3
瑞穂,,
マスコミ,,N1
ローレンス,,
喧嘩,N3,N4
互いに,,
殆ど,N1,N4
保留,,
槍,,
水面,,
プラン,,N3
シェア,,
爆笑,,
きみ,,N4
ウェールズ,,
パシフィック,,
町内,,
こい,,N3
落合,,
休,,N5
吉村,,
取れ,,N3
ライ,,
接し,,
ふし,,N3
エンターテインメント,,
克,,N5
モーター,,N2
隼,,
嶺,,N1
幻想,,
精,,
武蔵野,,
高雄,,
上原,,
判例,,
捉え,,N2
部員,,
慎,,N3
キム,,
陰謀,,
ノット,,
呼びかけ,,
発覚,,
探査,,
天文台,,
ちなん,,
ヒトラー,,
萩原,,
プライム,,
抜き,,
進水,,
庫,,N1
理念,,
ロマン,,
ドメイン,,
エクスプレス,,
ω,,
景観,,
いきなり,,N2
プリンス,,
銘,,
転じ,,N1
長距離,,
前編,,
伸び,,
ふる,,N5
受容,,
活,,
校歌,,
遭遇,,
メニュー,,N2
暗黒,,
バレ,,
谷川,,
晩年,,
四郎,,
学研,,
力学,,
渓,,N3
飯塚,,
室内,,
伊予,,
伊賀,,
金山,,
次回,,
和彦,,
エリック,,
なんか,,N1
帖,,
いこ,,
南朝,,
載せる,N2,N3
アフガニスタン,,
ホイール,,
登記,,
西方,,
牽引,,
模,,
なさい,,
パラリンピック,,
ダニエル,,
スクリーン,,N4
保全,,
秘,,
櫻井,,
まもなく,,N2
板橋,,
アルコール,,N4
外れ,,
調達,,
クリスタル,,
かめ,,
列挙,,
新版,,
抜け,,
コラム,,
有意,,
温,,
宝塚歌劇団,,
通し,,
サイエンス,,
ナカ,,
完,,
黒人,,
ポスター,,N2
通報,,
篠原,,
筑波大学,,
替え,,
込め,,N1
だから,N3,N4
いわき,,
依,N1,N3
放つ,,
毎回,,
グラミー,,
慰安,,
白人,,N2
談,,
書け,,
寺田,,
米子,,
伴,,
チーフ,,
集まっ,,N4
マルチ,,
さく,,N5
マックス,,
ぐち,,N1
おっしゃる,,N4
拳銃,,
遅く,,
持,,
中央大学,,
ボク,,N4
転生,,
葛飾,,
ブリッジ,,
しも,,N3
山地,,
ビーチ,,
江東,,
政令,,
律,,
ジェイ,,
つる,,N4
闘争,,
杉本,,
売り上げ,,N2
執政,,
セックス,,N1
中核,,
王妃,,
免疫,,
ソナタ,,
ケイ,,
満た,,N1
あや,,
チャンス,,N3
わん,,N3
司馬,,
ラッシュ,,
しり,,N3
やってき,,
重奏,,
ぞう,,N3
てい,,N1
騎乗,,
サイ,,
日高,,
初戦,,
陥落,,
その間,,
メン,,
わが,,
フェニックス,,
トロ,,
考案,,
見れ,,
激しく,,N3
いふ,,
宮川,,
享年,,
せき,,N4
稲荷,,
へん,,N5
テープ,,N5
坂井,,
在任,,
河口,,
できるだけ,,N3
転向,,
付記,,
オス,,N1
略号,,
阿波,,
読本,,
偽,,
公的,,
酒造,,
母艦,,
ないし,,N1
奴,N1,
豚,,
スタンダード,,
審,,N3
錬金術,,
たかし,,
栗原,,
西鉄,,
ラム,,
論点,,
同行,,
文化庁,,
分間,,
鶴見,,
管内,,
改築,,
大根,,
施さ,,N1
がち,,N1
紋,,
大系,,
台数,,
参入,,
平塚,,
イースト,,
めぐり,,
パキスタン,,
禁,,
レス,,
従っ,,N3
毎日新聞社,,
スイッチ,,N3
まっ,,N3
ツイン,,
笑っ,,
後編,,
号車,,
主君,,
ショック,,N1
師事,,
ザクセン,,
飛鳥,,
淵,,
望月,,
それから,,N1
椎名,,
太陽系,,
顧客,,
テンプ,,
サラ,,
乗り入れ,,
単体,,
移っ,,N4
小樽,,
三男,,
飲料,,
カタログ,,
領主,,
巻き,,N1
海底,,
ヤクルト,,
内蔵,,
起動,,
乗せ,,N3
耐久,,
外し,,
敷設,,
大蔵,,
広州,,
サム,,
狂,,
養,,N1
沼津,,
元禄,,
優子,,
奥田,,
獅子,,
まえ,,N5
オリックス,,
支障,,
光文社,,
撃破,,
アメリカンフットボール,,
奏,,
とれ,,
市道,,
司教,,
甲板,,
待ち,,
会い,,
下野,,
ウォーター,,
イラストレーター,,
小・中学校,,
萩,,
客数,,
都営,,
一般人,,
おと,,N4
佐久間,,
サスペンス,,
竹田,,
浪,,N3
ぜひ,,N3
溝,N1,
北口,,
ちょ,,
標的,,
鑑,,
容,,N4
志摩,,
突撃,,
堀江,,
文言,,
大崎,,
丹後,,
喪失,,
アイデア,,N2
バード,,
事象,,
怪物,,
並べ,,N5
都道,,
アイオワ,,
エレクトリック,,
南口,,
後日,,
勝率,,
家督,,
広がり,,
シュート,,
ミシガン,,
◆,,
光学,,
地方裁判所,,
導,,
小田急,,
現況,,
総覧,,
盗塁,,
釜山,,
山手,,
焼,,
▲,,
排気,,
所要,,
フォーム,,N1
切り替え,,
河北,,
直人,,
アンダー,,
片山,,
郵政,,
従軍,,
去っ,,N3
プラチナ,,
えり,,N1
本尊,,
教団,,
剣道,,
事物,,
修道,,
ガード,,
お前,,N3
長調,,
ひん,,N3
就役,,
ひみ,,N3
脱,,
降板,,
早川,,
播磨,,
難波,,
ふれ,,
防,,N3
倒れ,,
サクラ,,N3
宮田,,
麺,,
ジン,,
下し,,
頂け,,
グラフィック,,
わか,,
議,,
サーバ,,
天津,,
選び,,
刷,,N1
種族,,
サンケイ,,
ノースカロライナ,,
寛政,,
ユニバーシアード,,
ポニーキャニオン,,
まして,,N1
淡路,,
ブックス,,
配属,,
和解,,
だって,,N3
岡部,,
トリオ,,
デー,,
楼,,
紀元,,
三国志,,
型式,,
起こり,,
発注,,
セキュリティ,,
侯爵,,
商号,,
キャップ,,
知名度,,
併用,,
工程,,
ぼう,,N3
愛さ,,
小西,,
改題,,
マーティン,,
バーチャル,,
台東,,
教徒,,
ハミルトン,,
実名,,
要覧,,
魔法使い,,
浅井,,
楠,,
山頂,,
耕,,N2
チケット,,
危惧,,
メス,,
いじめ,,
所収,,
いっぱい,,N4
焼き,,
紀行,,
鳥類,,
上述,,
順次,,
小規模,,
超人,,
ともかく,,N2
和也,,
健二,,
笠,,
杏,,
アイヌ,,
叙任,,
嶋,,N4
中佐,,
指針,,
まね,,N3
パパ,,
この間,N1,N4
拉致,,
与,,
松島,,
ネズミ,,N3
違和感,,
数え,,
みずほ,,
吉川弘文館,,
最小,,
最適,,
あま,,
バイ,,
北斗,,
開き,,
陥っ,,
クラーク,,
開く,N5,N4
親衛隊,,
中退,,
益,,
大蔵省,,
制し,,
ガーデン,,
サマー,,
眼鏡,N5,N1
か所,,N2
日本ハム,,
ファー,,
サスペンション,,
最古,,
残留,,
洪,,
大沢,,
アイスホッケー,,
モータースポーツ,,
住人,,
ふい,,N1
母音,,
負,,
邦題,,
こま,,
エンジニア,,N1
製作所,,
前面,,
ちや,,N1
徳間書店,,
こころ,,N4
発行済,,
スタンド,,N3
パラダイス,,
歩行,,
狩り,,
グッド,,
雀,,
互換,,
映,,N5
大内,,
定時,,
ダービー,,
ボー,,
宮廷,,
きち,,N2
ミラノ,,
渡部,,
籍,,
はく,,N3
出撃,,
常務,,
放っ,,
平山,,
敵対,,
宜しく,N1,N3
いったん,,N2
かな,,
古賀,,
津山,,
解禁,,
グッズ,,
ギャグ,,
市区,,
同型,,
技法,,
トランプ,,N3
コイン,,
白川,,
迷宮,,
ベネズエラ,,
賛否,,
松永,,
追悼,,
飛ぶ,N5,N2
やき,,
いくら,,N3
ぶん,,N3
ワークス,,
尽力,,
それほど,,N4
年俸,,
メモ,,N3
性的,,
諡号,,
図っ,,N1
尺,,
破っ,,N3
取り組み,,
ワーク,,
フラン,,
博覧,,
藤岡,,
誤認,,
佐竹,,
裁判官,,
に際し,,
満了,,
パレード,,
潜,,N1
グルメ,,
ル・マン,,
流用,,
ロン,,
ふら,,
有権者,,
軌跡,,
菊地,,
ひとみ,,N2
地上波,,
走り,,
筆頭,,
従って,N1,N3
白書,,
ラス,,
担っ,,N1
準拠,,
球技,,
風土記,,
壊滅,,
曲名,,
遠山,,
ちよ,,
あし,,N5
エントリー,,
ヒロ,,
ユーゴスラビア,,
いつか,,N5
発祥,,
もたらし,,N1
巴,,
リクエスト,,
療養,,
部族,,
アワード,,
柴,,
広がっ,,N3
差し替え,,
スーツ,,N4
それでは,,N1
がく,,N3
選択肢,,
はじめて,,N5
′,,
奈々,,
類型,,
任じ,,
ノース,,
容姿,,
すじ,,N3
考,,
集配,,
パーキング,,
東南アジア,,
閣僚,,
大全,,
ファ,,
上巻,,
フィリップ,,
モナコ,,
白色,,
西郷,,
若松,,
コンクリート,,N2
将校,,
初日,,
メロディ,,N1
立地,,
つながる,,N2
佐倉,,
係る,,N2
左側,,
フラッシュ,,
鎧,,
引き継い,,
附,,N3
臨海,,
守り,,
ラップ,,
覚醒,,
金田,,
下巻,,
失踪,,
貝塚,,
齋藤,,
細かく,,
；,,
王女,N2,
遺伝,,
ナポレオン,,
カルチャー,,
スケジュール,,N2
水谷,,
所沢,,
買っ,,
帆,,
アルメニア,,
富士山,,
キャッシュ,,
軽量,,
解雇,,
東北大学,,
宙,,
東京ドーム,,
大友,,
結ば,,
爾,,
大社,,
連動,,
麻衣,,
児玉,,
後年,,
真言宗,,
タイミング,,N1
主将,,
小中,,
手続,,N2
ふろ,,N3
あくまでも,,
メイク,,
メアリー,,
山村,,
主人,,
育,,N4
ジャム,,N4
公報,,
概ね,,
ニュージャージー,,
ミュージアム,,
公明党,,
捷,,N5
樺太,,
ボブ,,
考古,,
走っ,,N5
中東,,
マイクロ,,
狙っ,,
ステレオ,,N4
永田,,
きよ,,N1
党首,,
エレベーター,,N5
囲ま,,
コンパクト,,
読ま,,N5
アドバイス,,
ローン,,
ターン,,
エンド,,
京子,,
黒川,,
大垣,,
吉本興業,,
ピース,,
だらけ,,N1
仮説,,
小室,,
牝,,N1
三原,,
鷺,,
喫し,,
頻度,,
東亜,,
メルセデス,,
葛,,
トリノ,,
青空,,
罠,,
足り,,N4
漁港,,
倒さ,,N2
補正,,
軍用,,
起訴,,
広東,,
折,,
きれ,,N3
アルバイト,,N4
新報,,
貴殿,,
薔薇,,
断念,,
院長,,
チップ,,N2
広島東洋カープ,,
あめ,,N5
ボルト,,N1
組み,,N3
＊,,
ロマンス,,
糖,,
お答え,,
対空,,
追,,N3
たて,,N3
孔,,N3
戒名,,
至ら,,
太子,,
誤,,
移り,,
仮想,,
玲,,
恭,,
くす,,
カレンダー,,N5
フード,,
国民党,,
公安,,
パチンコ,,N1
信託,,
叔父,,
四日市,,
デスク,,
候,,
特異,,
務,,N2
寛永,,
ポピュラー,,
復刻,,
豊川,,
任せ,,
オレゴン,,
神谷,,
マーガレット,,
ゆい,,N3
和子,,
繰り返さ,,N3
失い,,N4
おはよう,,N2
後部,,
やつ,,
閉館,,
旬,,
アイスランド,,
恵子,,
訂,,N1
流星,,
宗派,,
連装,,
旗本,,
隠れ,,
地中海,,
玉川,,
阻害,,
がた,,N3
教区,,
フェイス,,
帯広,,
テイラー,,
典拠,,
松戸,,
エロ,,
五月,,
マーケティング,,
文京,,
抵触,,
都区,,
シード,,
精霊,,
加茂,,
亨,,
那須,,
ペースト,,
見た目,,
すみ,,N4
悪戯,N1,N3
きし,,N3
離,,
即,,
客員,,
ドキュメント,,
ハリー,,
なす,,N2
アンナ,,
とこ,,N1
添付,,
三条,,
ストレート,,
主宰,,
労働党,,
党派,,
っと,,
丞,,
懲役,,
実録,,
智子,,
いり,,
起工,,
郭,,
赤色,,
焼失,,
襲わ,,
リオ,,
並び,,
上がる,N1,N4
大関,,
ヶ所,,N2
電圧,,
トリ,,N5
地裁,,
バット,,N1
させる,,
ラベル,,N1
しら,,
一時期,,
退社,,
本数,,
烈,,N3
後楽園,,
国軍,,
ラボ,,
中井,,
入居,,
ターボ,,
配下,,
エラー,,
リス,,
北見,,
乗務,,
ナポリ,,
サーバー,,
新春,,
サウス,,
幾何,,
スプリング,,N1
花園,,
エミー,,
舞鶴,,
告げ,,N1
水戸黄門,,
れれ,,
エンターテイメント,,
築い,,
ホ,,
全曲,,
複製,,
武藤,,
荒井,,
美穂,,
下流,,
洞窟,,
羽田,,
それなり,,
ちか,,N3
民衆,,
大江,,
攻,,N3
ふれあい,,
旋律,,
紀要,,
円谷,,
ことば,,N5
レーサー,,
病床,,
茜,,
中高,,
マリー,,
マウス,,
外側,,
並,,N1
読め,,
見つかっ,,N4
スピードウェイ,,
民事,,
稲垣,,
しよう,,N1
原発,,
どうか,,N3
ライブラリー,,
渡し,,
大西洋,,
后,,N3
コンゴ,,
大都市,,
転写,,
エッセイ,,
一塁,,
タバコ,,N1
二宮,,
ちゃっ,,N1
国史,,
皇太子,,
テネシー,,
ナイター,,N1
ひめ,,
別人,,
銅メダル,,
破,,
あか,,N5
とある,,
町長,,
たびたび,,N3
隼人,,
坪,,
公民館,,
称,,
カナ,,N1
らく,,N3
クリエイティブ,,
レディ,,
決着,,
下田,,
競艇,,
激,,
今治,,
バレンシア,,
ポルノ,,
流出,,
精度,,
マニア,,
長尾,,
染色,,
寿司,,
桑田,,
アマ,,
増補,,
ゴム,,N2
変数,,
ふみ,,N1
桃山,,
国司,,
鶴岡,,
バンクーバー,,
切っ,,N2
やま,,N5
ひまわり,,
相棒,,
透,,N2
ほし,,N4
平面,,
エリー,,
浮世絵,,
識別,,
ドラムス,,
交戦,,
余儀なく,,
ハル,,
謙,,N2
改組,,
国宝,,
招い,,N3
三好,,
取,,
横田,,
負っ,,N1
クーデター,,
市制,,
子役,,
規,,N1
鉄路,,
パンフレット,,
すい,,
浩司,,
朝廷,,
世界一,,
本山,,
ブラッド,,
策定,,
胤,,
拓也,,
威,,
介し,,
気づい,,N3
撃墜,,
もはや,,N1
ヤン,,
若林,,
そん,,N3
気象庁,,
ほり,,N3
聖人,,
〒,,N3
各社,,
デイリースポーツ,,
有田,,
サロン,,
工科,,
通巻,,
空白,,
管制,,
中小,,
上方,,
一等,,
パーティ,,N5
大樹,,
東証,,
レインボー,,
怪談,,
持ち込み,,
太平,,
わら,,N1
お手数,,
しゃ,,
機材,,
アイス,,
森本,,
アップデート,,
メリット,,
松茸,,
長らく,,
出展,,
女子高,,
ヤンキース,,
大阪大学,,
秩父,,
佐渡,,
菅野,,
総額,,
天王寺,,
本田技研工業,,
評さ,,
擁護,,
三遊,,
フィードバック,,
宝塚歌劇,,
施し,,
累計,,
ソフィア,,
サイクル,,N1
過,,
ゲージ,,
高め,,
渓谷,,
ループ,,
夏時間,,
ピット,,
デイリー,,
のう,,N3
初恋,,
津軽,,
グレイ,,N1
銀メダル,,
千里,,
プロテスタント,,
くう,,N3
厳しく,,N4
イチ,,
ニュータウン,,
売,,N5
なつ,,N5
杉並,,
西野,,
楽園,,
サントリー,,
告発,,
いや,,N5
廃校,,
時事,,
もしも,,N3
ホスト,,
公益社,,
刻,,N3
どなた,,N1
結婚式,,
一行,,
始動,,
アタック,,
政務,,
経常,,
アパート,,N5
札所,,
そのうち,,N3
滋,,N2
水島,,
バンダイ,,
バリエーション,,
密着,,
リース,,
砲撃,,
内側,,
自作,,
初音,,
にわたる,,
携わっ,,N1
鳥栖,,
伊丹,,
スクウェア,,
常陸,,
禁じ,,N1
ゲイ,,
コン,,
大神,,
古河,,
寝,,
ポルシェ,,
呪い,,
正人,,
宜,,
エイ,,N1
行こ,,N1
石垣,,
りす,,
おの,,
日本コロムビア,,
沢田,,
フリードリヒ,,
小隊,,
就い,,
特例,,
部位,,
発し,,
小牧,,
お待ち,,
鑑定,,
マンハッタン,,
狙撃,,
ラズベリー,,
土井,,
ペン,,N2
多田,,
パロディ,,
パイ,,
適し,,
福原,,
デッキ,,
コル,,
唱え,,N1
尾道,,
ミズーリ,,
育っ,,N3
挟ん,,
狐,,
冷却,,
水域,,
海域,,
伺い,,
それとも,,N3
タイガー,,
ベクトル,,
どうして,,N1
廉,,
関節,,
やり方,,
生駒,,
パール,,
因子,,
衰退,,
関口,,
濱,,
浩一,,
ミャンマー,,
楽しむ,N1,N4
鷲,,
短期間,,
逆襲,,
コンピューター,,N4
露出,,
主席,,
のび太,,
翁,,
巻数,,
排出,,
許,,
関根,,
切断,,
ケンタッキー,,
田島,,
宇野,,
セッション,,
北海道大学,,
多用,,
飾っ,,N4
堀内,,
巌,,N3
ミク,,
本堂,,
航行,,
倫,,
転用,,
挙行,,
ついで,,N1
工学科,,
高麗,,
亀山,,
怪,,
縄文,,
草津,,
きい,,
ゴースト,,
リンカーン,,
ミスター,,
瑞宝章,,
ニックネーム,,
熟読,,
法務,,
贈ら,,N3
サラブレッド,,
エンジェル,,
山東,,
シミュレーション,,
習得,,
平行,N1,
宇治,,
顕著,,
ディスプレイ,,
弦楽,,
米沢,,
旭日,,
番手,,
広げ,,N2
フォックス,,
東郷,,
皇室,,
藤枝,,
つくる,,N2
ゴシック,,
吾妻,,N1
婚,,
ロックバンド,,
回線,,
オーディオ,,
脅威,,
ホップ,,
小原,,
歌人,,
望ん,,
合衆国,,
支払い,,N3
主教,,
ダグラス,,
渚,,
アプローチ,,N1
トピック,,
もたらす,,N1
微分,,
タッチ,,
ゲル,,
森下,,
礼拝,,
葬儀,,
森山,,
国務,,
自著,,
土浦,,
アルファ,,
鶏,,N5
浜崎,,
博之,,
ロープ,,N1
深川,,
量子,,
たけし,,
羽生,,
実証,,
シンデレラ,,
富士見,,
エストニア,,
コーン,,
書簡,,
アスキー,,
バレー,,
リエ,,
尼,,
ブレーブス,,
無双,,
内山,,
文部省,,
負荷,,
いずみ,,N3
崔,,
とくに,,N4
最期,,
摂津,,
坂口,,
別途,,
菩薩,,
堅,,
探索,,
幼,,
バンコク,,
つながり,,N2
あわ,,N3
かり,,N1
地面,,
構わ,,
前線,,
ゆる,,
カウント,,
千代,,
涼子,,
本殿,,
苑,,
揚陸,,
ケネディ,,
安政,,
利き腕,,
別称,,
ひで,,
ところで,,N3
一色,,
公示,,
河出書房新社,,
志村,,
蹴り,,
武家,,
信夫,,
瀧,,N2
毀損,,
ネパール,,
著しく,,
ベリー,,
ミックス,,
過激,,
承知,N4,N3
クス,,
ホームズ,,
幅広い,,
暴言,,
下げ,,
包括,,
ユリウス,,
引き起こし,,N1
内務,,
ハン,,
あちこち,,N3
中盤,,
ウィルソン,,
凛,,
ゆん,,N3
湾岸,,
坂田,,
沼田,,
へる,,N3
サル,,N3
計測,,
他社,,
合っ,,N4
アンパン,,
所管,,
金色,,
普,,
｀,,
チェンジ,,N1
ポリス,,
専務,,
つながっ,,N3
セリフ,,
いせ,,
田代,,
碧,,N5
序盤,,
草案,,
パイプ,,N3
後援,,
開け,,
バドミントン,,
天然記念物,,
まれ,,N2
だり,,
純一,,
置換,,
ティー,,
軌間,,
朝鮮半島,,
相次い,,
カンボジア,,
マネー,,
降,,N4
中津,,
賣,,
筑摩書房,,
烏,,
もらえ,,
カントリー,,
八尾,,
ミュージックビデオ,,
全豪オープン,,
ひい,,
一橋大学,,
カエル,,
国分,,
ワクチン,,
作動,,
フォト,,
峯,,N1
マーチ,,
弾薬,,
生かし,,N1
クラフト,,
王家,,
捕らえ,,N2
中略,,
ぜん,,N1
ハイブリッド,,
飛騨,,
聖子,,
うら,,N4
秋葉原,,
カンザス,,
発症,,
充分,,N4
たこ,,
マルクス,,
容赦,,
数少ない,,
バスク,,
投与,,
翔太,,
エニックス,,
位相,,
売り,,
タカ,,
パーセント,,N3
祝,,N3
均,,N1
出荷,,
ブリ,,
富岡,,
ポンプ,,N1
ビートルズ,,
イス,,N3
入れ替え,,
次世代,,
香取,,
火力,,
吹田,,
栗,,
久留米,,
バスト,,
ランダム,,
ビリー,,
藝,,
本紀,,
エンタシス,,
直轄,,
出所,,
落成,,
アンテナ,,N2
楚,,
同市,,
鳴門,,
阿蘇,,
文面,,
プラハ,,
査読,,
検,,N3
須藤,,
聖母,,
番外,,
デトロイト,,
パズル,,
投下,,
庄,,
マリン,,
衆院,,
みっ,,N5
飯島,,
詩集,,
しょぼ,,
畠山,,
アーク,,
行先,,
担保,,
破綻,,
クルーズ,,
平方メートル,,
造形,,
文春,,
中国人,,
水路,,
ビクターエンタテインメント,,
僕ら,,
返し,,
勝っ,,
マスターズ,,
おかげ,,N4
やく,,N4
墳,,
桑原,,
北欧,,
水力,,
長門,,
マット,,
黒木,,
マケドニア,,
幸子,,
慧,,
当たっ,,
かる,,N3
栄光,,
生体,,
元帥,,
降り,,N3
ウルグアイ,,
洋画,,
富士通,,
喫煙,,
ノンフィクション,,
川田,,
河村,,
美里,,
債務,,
テクノロジー,,
震災,,
対馬,,
うどん,,N2
バナナ,,
耐え,,N2
揚,,N4
引い,,N3
王室,,
ヘア,,
ぎょ,,
文中,,
由紀夫,,
不備,,
今村,,
伏,,
カタルーニャ,,
新装,,
じゅん,,N3
実務,,
スリランカ,,
川端,,
紀伊,,
教諭,,
きゅう,,N4
ワゴン,,
岩井,,
ハンマー,,
罰,N1,
神崎,,
コス,,
白河,,
抹消,,
運休,,
それで,,N4
掃海,,
まとまり,,N1
フィラデルフィア,,
ライアン,,
大竹,,
功労,,
馬身,,
配,,N3
ヴェルディ,,
うり,,
符,,
展覧,,
断層,,
強度,,
母体,,
甘,,N5
さやか,,
夏目,,
ばら,,
ノア,,
ジャングル,,
天草,,
体調,,
ジェリー,,N1
初等,,
アシスト,,
ハッピー,,
カーリング,,
シニア,,
テック,,
更,,
直列,,
ふさわしい,,N1
フリージア,,
上尾,,
大岡,,
魔界,,
しゅう,,N3
上越,,
打ち切り,,
辛,,
横手,,
液晶,,
非公開,,
トレイン,,
プレーヤー,,
アワー,,N1
北上,,
ムーア,,
エビ,,
豊岡,,
砲兵,,
いら,,
アレックス,,
戸塚,,
潔,,
雄一,,
おじさん,,N2
こんばんは,,N2
機銃,,
今川,,
慶応,,
霞,,
奪取,,
団長,,
重傷,,
皇子,,
一人称,,
引き継が,,
バベル,,
武道,,
難民,,
ダッシュ,,
荒,,
日産自動車,,
ハワード,,
世話,N4,N3
斬,,
旅人,,
暴行,,
湊,,N4
題し,,
明かし,,
ビート,,
みなし,,
本間,,
キミ,,
用地,,
貫通,,
全力,,
専念,,
ダイエー,,
モロッコ,,
原型,,
店員,,N4
現在地,,
刈谷,,
ひがし,,N5
最悪,,
長浜,,
逸話,,
μ,,
降下,,
インディアナ,,
エチオピア,,
浮上,,
日本航空,,
デラックス,,
中興,,
ベラルーシ,,
タイガース,,
パレスチナ,,
スロベニア,,
サンタ,,
ターゲット,,
弦楽器,,
にくく,,
ソロモン,,
古今,,
アース,,
切干,,
特捜,,
退,,N3
上村,,
刑法,,
ぽん,,
能登,,
仁川,,
志賀,,
薄,,
一見,N1,
進撃,,
杉浦,,
グラス,,N3
抜群,,
同国,,
興信所,,
挿絵,,
投球,,
エール,,
肇,,
却下,,
ナイフ,,N5
はな,,N5
極東,,
緑地,,
救命,,
蘇,,
アルプス,,
同好,,
ひら,,
メモリアル,,
遊園,,
まぁ,,N3
スプリント,,
日系,,
角田,,
安土,,
段落,,
次長,,
ふた,,N2
おけ,,
某,,
討伐,,
マドンナ,,
公家,,
ウマ,,N3
フロンティア,,
ちゃう,,
藩士,,
頂けれ,,
セザール,,
高砂,,
公営,,
あな,,N3
舞踊,,
エンタープライズ,,
スクエア,,
重用,,
細部,,
俊彦,,
スペクトル,,
ジョニー,,
応答,,
シフト,,
トー,,
竜王,,
パナマ,,
さんま,,
プライベート,,
ゴードン,,
ハンド,,
っ子,,
話し合い,N1,N2
野望,,
虐待,,
仰る,,N4
残,,
素数,,
名目,,
独断,,
俊介,,
岸田,,
闘士,,
検察庁,,
兼務,,
厚木,,
浸透,,
モノレール,,N2
中尉,,
武術,,
索,,
洋一,,
悲しみ,,
悪しからず,,
なろ,,
平原,,
実戦,,
整合,,
アンダーソン,,
巡回,,
基幹,,
フロア,,
総集編,,
ラッセル,,
短調,,
サウジアラビア,,
らし,,N2
腫瘍,,
我が,,
なべ,,N3
哲郎,,
努め,,N2
訃報,,
先住民,,
歌い,,
追認,,
伸ばし,,
熱海,,
当社,,
カ月,,N1
不安定,,
中型,,
サンシャイン,,
カート,,
興信録,,
適合,,
なあ,,
タイムズ,,
明子,,
生え,,N2
スピン,,
再婚,,
アリゾナ,,
石巻,,
チョコレート,,
真夏,,
俊一,,
トミー,,
伊佐,,
沙織,,
控訴,,
滝沢,,
北海道旅客鉄道,,
カ国,,
センチ,,N2
合金,,
微,,
モントリオール,,
許し,,
くださる,,N3
サー,,
池上,,
故に,,
長田,,
歩き,,
スバル,,
亜美,,N4
マキシ,,
多発,,
家名,,
由美,,
みき,,N1
堀川,,
達人,,
補完,,
アプリリア,,
室蘭,,
桃太郎,,
キット,,
下ろし,,
北原,,
マレー,,
シベリア,,
先進,,
純子,,
かかり,,N3
小児,,
ヘル,,
祈,,N1
抜擢,,
生前,,
入江,,
ストレス,,N1
最高裁,,
アゼルバイジャン,,
筒井,,
おれ,,N1
除籍,,
元和,,
ピエール,,
ドラマー,,
書き込む,,
哺乳類,,
双葉社,,
訓,N3,N1
国体,,
さら,,N3
タキ,,
ラマ,,
日外アソシエーツ,,
女子大,,
滝川,,
市販,,
あて,,N1
異名,,
恵比寿,,
ベッド,,N5
鎮守,,
岩国,,
江口,,
タブ,,
筑波,,
新川,,
まとも,,
イレブン,,
コーポレーション,,
地蔵,,
首席,,
住友,,
いたずら,,N3
斬り,,
都内,,
直子,,
理恵,,
大平,,
メタ,,
少尉,,
校区,,
開示,,
フェザー,,
演歌,,
函数,,
寄,,N3
新城,,
ベンチ,,N3
ユニフォーム,,N1
新宮,,
交友,,
レンジ,,N1
八幡宮,,
フー,,
社会民主党,,
廟,,
野中,,
つば,,N1
はつ,,N1
愛子,,
硫黄,,
九州大学,,
尹,,
オペレーティングシステム,,
瓦,N2,N5
宇部,,
振,,N1
演算,,
高槻,,
志願,,
鳥羽,,
揺れ,,
倭,,N1
シールド,,
国歌,,
ジミー,,
年数,,
湖南,,
標,,N3
青梅,,
長島,,
使者,,
ひかる,,N4
水原,,
文政,,
財務省,,
軽井沢,,
レシピ,,
シンプル,,
桑名,,
勝者,,
指標,,
かす,,N5
正明,,
体内,,
赤穂,,
取り組ん,,N1
同窓会,,
ネス,,
飛び,,
ケリー,,
城山,,
覆わ,,
船体,,
ドナルド,,
川西,,
土壌,,
伊那,,
面し,,
里見,,
よかっ,,
増設,,
閉じ,,
ミシシッピ,,
ヨーク,,
付随,,
チェロ,,
いらっしゃい,,N3
最長,,
リック,,
公職,,
褐色,,
繋がっ,,N2
土器,,
リサーチ,,
ナイ,,N5
ソニック,,
辞,,N5
老朽,,
集約,,
鉄道ピクトリアル,,
パラメータ,,
セミナー,,
トレーナー,,
処女,,
館長,,
古田,,
新党,,
ケア,,
西ドイツ,,
中国共産党,,
斜,,N2
博文,,
債権,,
右足,,
辺境,,
フィルター,,N1
一門,,
バブル,,
ジャマイカ,,
ネオ,,
ミリオン,,
アルバニア,,
国政,,
本庄,,
宮内,,
扇,,
アピール,,
あげる,,N4
ホークス,,
年別,,
デルタ,,
魔力,,
有名人,,
明白,N1,
近畿日本鉄道,,
中央公論,,
生田,,
戻さ,,N3
有罪,,
国分寺,,
キネマ旬報,,
じゅう,,N3
ミル,,
県警,,
受託,,
序,,N2
ダイジェスト,,
総括,,
ホット,,N1
事変,,
陣営,,
寅,,
メルボルン,,
胴体,,
マイナス,,N2
マクドナルド,,
早朝,,
壱,,N5
カイ,,
まさに,,N3
ふしぎ,,N3
商事,,
なるべく,N2,N4
まるで,,N3
哲哉,,
難しく,,N5
吉原,,
書士,,
緒方,,
乗組,,
大夫,,
撃沈,,
新生,,
明かさ,,N1
悪意,,
摂取,,
チン,,
美咲,,
最低限,,
ペース,,
アキ,,
みよ,,
広大,,
マクラーレン,,
停,,N2
移設,,
不祥事,,
民放,,
麻薬,,
向い,,N3
会派,,
渡邉,,
コスモス,,
遡,,N2
ライオンズ,,
杉田,,
清張,,
んで,,
あに,,N5
最上,,
セルフ,,
日本経済新聞社,,
イエロー,,
ダート,,
ドレス,,N3
区役所,,
用水,,
英樹,,
がる,,N1
生み出し,,
哲夫,,
柏原,,
教官,,
島原,,
掛,,N1
停車駅,,
リアルタイム,,
エージェント,,
バッテリー,,
のぶ,,
願っ,,
頂ける,,
デバイス,,
鵬,,
町制,,
だし,,
親交,,
シャトル,,
霊場,,
電磁,,
ひろみ,,
解明,,
種子,,
山号,,
未明,,
亀田,,
犯行,,
行か,,
とうき,,N1
担任,,
社内,,
植田,,
マーシャル,,
江原,,
直接的,,
架,,
ちの,,
うみ,,N5
センサー,,
ケルン,,
全文,,
ブッシュ,,
サヨナラ,,
長州,,
匠,,
大泉,,
青色,,
後世,,
アムステルダム,,
ワルシャワ,,
ランナー,,
追わ,,
シェイクスピア,,
留まっ,,N2
おる,,N4
ひよ,,N3
シチリア,,
灘,,
故意,,
キャロル,,
奪っ,,N3
高瀬,,
ハンドル,,N2
細,,
カーブ,,N2
いかなる,,
除,,
レオン,,
醸造,,
新庄,,
環境省,,
ナトリウム,,
セールス,,
復,,N3
虞,,N1
コナミ,,
神楽,,
讃岐,,
偉,,
一夫,,
メモリー,,
翠,,N5
ライフル,,
見かけ,,N2
譲,,N3
こし,,N3
亜紀,,
放課後,,
陶,,
藤村,,
多大,,
知り合い,N1,N2
招集,,
ミネソタ,,
網羅,,
青島,,
貢,,
調布,,
撮り,,
水木,,
論じ,,N3
受け取っ,,N3
見つかり,,N4
アルゴリズム,,
本国,,
次期,,
テナント,,
察,,
カクテル,,N1
双葉,,
円盤,,
まこと,,N1
複線,,
暇人,,
情報処理,,
門司,,
グルジア,,
全高,,
吉井,,
クリスチャン,,
堀田,,
愛好,,
司祭,,
船長,,
バンタム,,
三河,,
亀井,,
マスコット,,
法制,,
スケール,,
有明,,
小平,,
苫小牧,,
たまたま,,N3
ホビー,,
ゆず,,
リンゴ,,
集結,,
鳴,,N5
お話,,
磯,,
通商,,
豪雨,,
びく,,
ウェア,,
難易,,
怠惰,,
右手,,
部会,,
ロビンソン,,
ナイジェリア,,
オンタリオ,,
代役,,
中尾,,
ソード,,
大連,,
間もなく,N1,N2
をめぐって,,
シアトル,,
ラジ,,N5
同局,,
名古屋大学,,
幼馴染,,
セイ,,
カウンター,,
持株,,
えと,,
奪還,,
ときめき,,
アレン,,
浄,,N2
ブロードウェイ,,
退官,,
仮称,,
クーパー,,
射殺,,
松阪,,
給,,
巡っ,,N2
づけ,,
だれ,,N1
ジェフ,,
園田,,
理学部,,
繰り広げ,,
誠一,,
整形,,
海防,,
捕,,N1
ルクセンブルク,,
幽,,N1
渡邊,,
千尋,,
水着,,
ヤクザ,,
プラスチック,,N2
傍ら,N2,N1
ボケ,,
添え,,N1
増やし,,
常磐,,
編さん,,
督,,
造ら,,N2
内海,,
宮下,,
さとう,,N5
りく,,N3
凱旋,,
アルジェリア,,
量的,,
戴冠,,
誓い,,
創始,,
森川,,
在来,,
奄美,,
会っ,,N2
クローバー,,
ヘリ,,
傑,N1,
消さ,,
達郎,,
和平,,
天狗,,
キエフ,,
周回,,
フルート,,
真一,,
榊原,,
最速,,
モーツァルト,,
おっしゃっ,,N4
多目的,,
年末,,
天平,,
プロフェッショナル,,
限っ,,N3
決まる,N1,N4
ウルフ,,
物流,,
蒙,,
大国,,
占い,,
風間,,
エリート,,
太一,,
魔物,,
明日香,,
柏木,,
係数,,
党員,,
渉,,N5
ウズベキスタン,,
ぶる,,
写本,,
◎,,
主として,,
レバノン,,
ラインナップ,,
移さ,,N3
呼び出し,,
開戦,,
開山,,
オレ,,N1
語尾,,
九州旅客鉄道,,
正樹,,
安部,,
ハドソン,,
組み込ま,,N1
写,,N5
まどか,,
前川,,
こだわり,,
原宿,,
小中学校,,
自伝,,
ヘッドコーチ,,
異例,,
最年少,,
公布,,
活かし,,N1
ブダペスト,,
オセアニア,,
キーワード,,
ストア,,
村井,,
ショウ,,N1
ファーム,,
総統,,
対称,,
レスラー,,
引き上げ,,
秀雄,,
太朗,,
人妻,,
鎌田,,
摩,,N2
代々木,,
サンクトペテルブルク,,
回し,,
Ζ,,
道中,,
マイアミ,,
桃子,,
岩本,,
浦安,,
如く,,
モニター,,N1
麻美,,
サラリーマン,,N2
コウ,,
流さ,,
柳川,,
一気に,,
土岐,,
■,,
カルロス,,
マルタ,,
西条,,
トライアル,,
上限,,
柳田,,
久米,,
葉山,,
キン肉マン,,
遺族,,
作風,,
実体,,
幸雄,,
長期間,,
カザフスタン,,
本家,,
キッド,,
取り戻し,,N1
柏尾,,
話者,,
さらば,,
華族,,
マイクロソフト,,
傳,,
収蔵,,
パトリック,,
スマイル,,
不自然,,
江南,,
小杉,,
ぶつ,,N3
低迷,,
後に,,
組曲,,
阿南,,
敦子,,
若き,,
フラワー,,
鯨,,
たった,,N3
ジョセフ,,
漏れ,,
信州,,
勾配,,
急遽,,
製薬,,
巫女,,
名曲,,
けれど,,
アンソロジー,,
立命館大学,,
スーダン,,
オイル,,N2
陰陽,,
フェ,,
香織,,
辞め,,N3
オブジェクト,,
團,,
入植,,
フランクフルト,,
遂げ,,N1
海人,,
唐津,,
宮古,,
水族館,,
書き込ん,,
魚類,,
茨木,,
条項,,
行なう,,N4
報復,,
江川,,
クライマックス,,
素敵,N1,N3
選び方,,
巡礼,,
春日井,,
エコ,,
エアロ,,
ブース,,
通販,,
日吉,,
最下位,,
クマ,,
分断,,
敗れる,,
日本書紀,,
回っ,,N4
商船,,
まさし,,N1
だら,,
宮沢,,
壺,,N1
困っ,,
月頃,,
とりわけ,,N1
ガソリン,,N4
いのち,,N3
根岸,,
良かっ,,
乗用車,,
山陰,,
サンプル,,N2
追求,,
大成,,
コロラド,,
加古川,,
本願寺,,
ヘ,,
不具合,,
ニック,,
壮,,
クレイ,,
トロント,,
ほんの,,N1
パンク,,N1
凪,,
反面,,
飲み,,
秋葉,,
訪ね,,N4
さだ,,
あさ,,N5
シャープ,,
抽出,,
家老,,
あみ,,N1
アッ,,N4
アンドリュー,,
変異,,
防護,,
熟,,
助監督,,
千秋,,
レディース,,
トラベル,,
三陸,,
實,,N3
食材,,
明るく,,N1
河南,,
入試,,
ぼん,,N2
電信,,
建設省,,
正統,,
信用金庫,,
全角,,
サテライト,,
叙,,
巳,,
邪,,
宣教師,,
客室,,
佛,,N3
日本武道館,,
順子,,
成瀬,,
大東,,
雅之,,
加わり,,N3
珍しく,,N4
新制,,
ちょうど,,N1
レーン,,
ぴあ,,
タービン,,
御所,,
配線,,
意味合い,,
カッコ,,N2
Word,,
大晦日,,
福袋,,
紅葉,,N2
かき氷,,
梅雨,,N3
花粉,,N1
やる気,,
証人,,N1
雑草,,
言い訳,,N1
なまり,,N1
温室,,N2
餌,,N3
田んぼ,,N2
穀物,,N3
抱,,N3
悪夢,,
夕日,,N2
ウェイター,,
ウェイトレス,,N2
しゃぶしゃぶ,,
酔い,,
おかず,,N2
璧,,N3
上達,,N3
暗記,,N3
バイオリン,,N3
生け花,,N2
折り紙,,
無色,,
薬局,,N2
黒板,,N3
幼稚,,N2
給食,,N1
酢,,N2
容器,,N2
フライパン,,N2
こたつ,,N1
暖房,,N4
うっかり,,N2
プログラマー,,
リモコン,,
掃除,,N5
歯茎,,
茎,,N1
頬,,N3
歯痛,,
乳歯,,
虫歯,,N3
ひげ,,N4
髪型,,
金髪,,
赤毛,,
バリカン,,
黒髪,,
前髪,,
もみあげ,,
うらやましい,,N2
使命,,N1
キモい,,
打ち上げる,,
雌,,N1
煙突,,N2
いじめる,,N4
諦める,,N3
我慢,,N3
わがまま,,N3
後悔,,N1
泣く,,N4
疑う,,N3
引き出し,,N4
炊飯,,
面接,,N2
手すり,,
片道,,N2
含,,N3
たんぱく,,
餅,,N2
食欲,,N3
白米,,
冷凍,,N2
胃,,N3
飾る,,N4
電球,,N2
洗濯,,N5
河童,,
胸筋,,
更衣,,
筋トレ,,
ダンベル,,
遠足,,N2
白線,,
夕食,,
昼食,,N3
休暇,,N3
くしゃみ,,N2
椅子,,N3
手首,,N2
肺,,N1
体温,,N3
咳,,N3
硬貨,,N3
覆,,
握手,,N3
博物,,
家事,,N3
ぬいぐるみ,,
毛布,,N3
枕,,N2
ほこり,,N3
ブラシ,,N2
歯磨き,,N2
畳,,N4
じゅうたん,,N2
敷,,
囚人,,
ろうそく,,N2
停電,,N2
オーブン,,
正午,,N3
戻,,N4
蒸し暑い,,N2
刑務,,
泥棒,,N4
拍手,,N3
冗談,,N3
ファックス,,N4
歩道,,N3
たこ焼き,,
注射,,N4
調子,,N3
肘,,N2
喉,,N3
不滅,,
葬式,,N2
欠席,,N3
リュックサック,,
ビザ,,
姪,,N2
ボトル,,
リサイクル,,
景色,,N4
電卓,,
値段,,N4
残業,,
名刺,,N2
給料,,N3
締め切り,,N2
秤,,N2
測る,,N3
やかん,,N2
蓋,,N2
豆腐,,
大豆,,
豆乳,,
新鮮,,N3
値引き,,N1
中々,,N3
ねずみ,,N3
はち,,N5
決,,
味噌,,N4
汁,,N2
生き物,,N3
別々,,N2
支払う,,N3
コスプレ,,
初心,,
配達,,N3
封筒,,N5
葉書,,N5
貸す,,N5
借りる,,N5
返,,
泳ぐ,,N5
着物,,N4
浴衣,,N2
袖,,N3
革,,N3
飴,,N5
豚肉,,N5
石鹸,,N2
細い,,N5
危ない,,N5
廊下,,N5
暇,,N1
鉛筆,,N5
店内,,
唐揚げ,,
宿題,,N5
紫色,,
傘,,N5
彼氏,,
赤ちゃん,,N4
男の子,,N5
財布,,N5
鞄,,N5
毎晩,,N5
去年,,N5
ボウル,,
皿,,N3
箸,,N2
紅茶,,N5
飲み物,,N5
砂糖,,N5
醤油,,N2
ミント,,
果物,,N5
今朝,,N5
今晩,,N5
夕べ,,N3
帽,,
欲,,
洗,,
茶色い,,N2
黄色い,,N5
遅,,N5
自転,,N1
じい,,
ばあ,,
聞,,N5
習,,N5
冷蔵,,N1
汚,,
土産,,N3
布団,,N4
一人,,N3
棚,,N4
忙,,N5
明後日,,N3
昨,,
昨日,,N5
買,,N5
机,,N5
寝室,,
台所,,N5
牛乳,,N5
きっ,,N5
なっとう,,
はさみ,,N3
ホチキス,,
えんぴつ,,N5
ぐ,,
二十,,
たっきゅう,,
プリン,,
ラザニア,,
スパイス,,
きょ,,
つり,,N3
しゅみ,,N4
がっき,,N3
きょうか,,N2
けいざい,,N4
ベジタリアン,,
おくじょう,,N4
いざ,,N1
かや,,
イヤリング,,
パフェ,,
キャラメル,,
かなしい,,N4
じょ,,N1
しゅ,,N1
けっこん,,N5
リムジン,,
おととい,,N2
マヨネーズ,,
ブロッコリー,,
きゅうり,,
レタス,,
ぶどう,,N4
ようしょく,,
オムライス,,
ロッカー,,N2
きたない,,N5
かき,,
ごおり,,
レモン,,
サーフィン,,
ひや,,
サングラス,,
さけ,,N3
けいたい,,N1
サイクリング,,
あげもの,,
ヨーグルト,,
にんじん,,
のど,,N3
おなか,,N3
インフルエンザ,,
アプリ,,
晩ご飯,,N5
ゆか,,N3
えんぎ,,N3
ジョギング,,
べんきょう,,N3
わるい,,N5
シリアル,,
くだもの,,N5
シャンプー,,
ゴキブリ,,
カーテン,,N4
ゴミ,,N3
きょく,,N3
きず,,N3
くび,,N4
あたま,,N5
かぜ,,N5
クリニック,,
てづくり,,
ダイニング,,
チキン,,
かぐ,,N3
たな,,N4
スリッパ,,N5
げんかん,,N5
今月,,N5
スプーン,,N5
こむぎ,,N3
グラム,,N5
バター,,N5
じゃがいも,,
たまねぎ,,
シチュー,,
かいてき,,N3
たまに,,N4
がいこく,,N5
かだい,,N1
毎朝,,N5
まあまあ,,N2
ブーツ,,N1
サンダル,,N4
スニーカー,,
ゆびわ,,N4
めがね,,N1
ブレスレット,,
ショルダー,,
バッグ,,N3
七百,,
ポロ,,
シャツ,,N5
パンツ,,N2
ギフト,,
きゃく,,N4
クーポン,,
きせつ,,N4
きのこ,,
さしみ,,N2
たたみ,,N4
みずうみ,,N4
かわ,,N3
ハンカチ,,N5
にんぎょう,,N4
タブレット,,
えほん,,
インスタント,,
まじめ,,N3
にがい,,N4
りんご,,
ビタミン,,N2
かゆ,,N1
くすり,,N5
ティッシュ,,
まど,,N5
ねつ,,N4
あらし,,N3
ホルダー,,
マグネット,,
やぎ,,
ジェル,,
うさぎ,,N3
スムージー,,
さる,,N3
パンダ,,
あかちゃん,,N4
カモ,,
来年,,N5
やきそば,,
じこ,,N4
いがい,,N4
ロブスター,,
ご飯,,N5
ハンバーガー,,
ふね,,N4
みず,,N5
ぎ,,
よてい,,N4
しょう,,N3
せつ,,N3
ブランケット,,
ねむい,,N4
チーズ,,N3
じてん,,N4
はたち,,N3
みかん,,
スノボ,,
さつま,,
いも,,
だんぼう,,N4
すいか,,
こんど,,N4
八千,,
レジ,,N4
マフラー,,N2
パーカー,,
むらさき,,N2
ボロボロ,,
ジーンズ,,N3
セーター,,N5
クラスメイト,,
くうき,,N4
ドラッグストア,,
ふべん,,N4
ぎんこう,,N5
ゆうびん,,N3
いなか,,N4
れきし,,N4
まんなか,,N4
レシート,,
ワイヤレス,,
おもちゃ,,N4
でんき,,N5
ヘッドホン,,
六百,,
ポテト,,
チップス,,
とちゅう,,N4
フライド,,
いとこ,,N3
来週,,N5
ぞく,,
ちば,,
きのう,,N5
クレープ,,
先週,,N5
先月,,N5
きょねん,,N5
かぶき,,
トースト,,
チェックアウト,,
ぎゅうにゅう,,N5
タオル,,N3
こおり,,N3
ばんごう,,N5
かぎ,,N3
ぜんぶ,,N5
えび,,
ナプキン,,N1
マーボー,,
どうふ,,
はし,,N5
からい,,N5
スープ,,N3
ウーロン,,
二人,,N1
タピオカ,,
ちゅ,,N4
うかがい,,
ちゅう,,N3
りょうり,,N5
ぎゅうにく,,N5
こしょう,,N4
そと,,N5
すずしい,,N5
けしき,,N4
ピクニック,,N3
バーベキュー,,
キャンプ,,N3
ハイキング,,N3
バックパック,,
カメレオン,,
へや,,N5
みみ,,N5
いぬ,,N5
ハムスター,,
ちゃいろ,,N5
パンケーキ,,
どうぶつ,,N5
チェス,,
ルームメイト,,
すう,,N5
せんこう,,N3
八百,,
エスカレーター,,N4
いそ,,
きっぷ,,N5
三百,,
ステーキ,,N4
かんとく,,N3
ポップコーン,,
えいが,,N5
ドッグ,,
ブラウス,,N2
どけい,,
ネックレス,,N2
たんじょう,,N3
び,,N1
デート,,N3
カウントダウン,,
おおみそか,,
イルミネーション,,
ハロウィン,,
三十,,
たいこ,,N2
はなび,,N2
たいかい,,N3
きじ,,N3
ブログ,,
レッスン,,N1
ひらがな,,N2
れんしゅう,,N3
クライアント,,
プレゼン,,
しょく,,N3
チャーハン,,
プリンター,,
ミーティング,,
うけつけ,,N4
むずかしい,,N5
アニソン,,
ポップス,,
セール,,N1
チョコ,,
バニラ,,
かお,,
きいろい,,N5
ゴー,,
コースター,,
アトラクション,,
こわい,,N4
おとな,,N5
三千,,
にゅう,,N4
じょう,,N1
いりぐち,,N1
ごご,,N5
つまら,,N1
はくぶつ,,
しゃしん,,N5
ナビ,,
うんてん,,N3
ほんやく,,N4
いしゃ,,N5
しめきり,,N2
しつもん,,N5
何曜,,
じゅぎょう,,N5
きょうしつ,,N5
ぶたにく,,N5
しょっぱい,,
コーラ,,
とんかつ,,
しお,,N1
なま,,N3
とうふ,,
ぎゅう,,N3
どん,,
やさい,,N5
しょうゆ,,N2
ドーナツ,,
ケーキ,,N4
おかし,,N5
あまい,,N5
みじかい,,N5
みそか,,
にわ,,N5
べんり,,N5
なごや,,
すし,,
ロビー,,N2
にく,,N5
ひろば,,N2
びじゅつ,,N1
スーツケース,,N4
ひこう,,N3
りょこう,,N5
来月,,N5
休み,,N5
ガーデニング,,
たのしい,,N5
ストレッチ,,
そうじ,,N5
しゅく,,N1
がっこう,,N5
かじ,,N3
しごと,,N5
かんこく,,N1
えいご,,N5
ちゅうごく,,
コーチ,,N3
きょうだい,,N5
さむい,,N5
ココア,,
おんせん,,N2
ふゆ,,N5
こんばん,,N5
くもり,,N3
はれ,,N5
てんき,,N5
あたたかい,,N3
ちかく,,N5
かぞく,,N5
アレルギー,,
でんわ,,N5
きゅうきゅう,,
びょういん,,N5
けいさつ,,N4
あぶない,,N5
だいじょうぶ,,N5
みやげ,,N3
ポストカード,,
じんじゃ,,N4
ピザ,,
デザート,,N1
てら,,N4
たてもの,,N5
ながい,,N2
はやい,,N5
こうえん,,N5
つぎ,,N5
よこはま,,
あきはばら,,
でんしゃ,,N5
つくえ,,N5
せんたく,,N5
れいぞう,,N1
たぶん,,N3
シャワー,,N5
エアコン,,
せまい,,N5
キッチン,,
ひろい,,N5
K,,
エリカ,,
パスタ,,
あした,,N4
らいしゅう,,N5
ちかい,,N5
かいだん,,N5
コンセント,,N2
とおい,,N5
てあらい,,N2
wifi,,
ばこ,,
のりかえ,,N2
あそこ,,N1
さつ,,N3
ヨガ,,
ともだち,,N5
クリーム,,N3
すこし,,N5
そしる,,
サラダ,,N4
おにぎり,,
てんぷら,,
たかい,,N5
くろい,,N5
みせ,,N5
ネクタイ,,N5
あおい,,N5
スカート,,N5
T,,
ダサい,,
さいふ,,N5
ごはん,,N5
まいばん,,N5
べんとう,,N3
ひる,,N5
あさごはん,,N5
たべ,,N5
ジュース,,N3
まいにち,,N5
サンドイッチ,,N4
J,,
やきゅう,,
ざっし,,N5
おんがく,,N5
ときどき,,N5
おっと,,N4
むすこ,,N4
むすめ,,N4
つま,,N4
だいがく,,N5
ゆうめい,,N5
かんご,,N1
おとうと,,N1
うるさい,,N1
いもうと,,N5
いそがしい,,N5
きれい,,N1
しずか,,N5
にぎやか,,N5
とし,,N5
おおさか,,
かばん,,N5
パスポート,,N3
スマホ,,
ちず,,N5
おもしろい,,N1
かわいい,,N1
くつ,,N5
しろい,,N5
あかい,,N5
ぼうし,,N5
えき,,N5
デパート,,N5
コンビニ,,
にほん,,N3
ちいさい,,N5
おおきい,,N5
いいえ,,N3
おいしい,,N1
じゃあ,,N5
かっこ,,N2
べん,,
ごし,,
やさしい,,N5
せんせい,,N5
曇り,N5,N3
会う,N5,N2
終る,N5,N1
煩い,N5,N1
灰皿,N5,N1
一日,N5,N1
無くす,N5,N2
開ける,N5,N3
さ来年,N5,N2
二十歳,N5,N3
一昨年,N5,N2
お手洗い,N5,N1
曲る,N5,N1
奥さん,N5,N2
明い,N5,N1
出かける,N5,N2
一昨日,N5,N2
初め/始め,N5,N1
七日,N5,N1
伯母さん/叔母さん,N5,N2
伯父/叔父,N5,
降りる,N5,N4
とり肉,N5,
暖かい,N5,N3
昨夜,N5,N3
丸い/円い,N5,N3
一日,N5,N1
川/河,N5,N3
登る,N5,N3
勤める,N5,N2
伯父/叔父,N5,
止まる,N5,N2
つもりです,N5,N4
ないでください,N5,
でしょう,N5,
お・金持ち,N4,N1
堅/硬/固い,N4,
支度,N4,N3
空く,N4,N3
看護婦,N4,
連れる,N4,
上る,N4,N3
下る,N4,N2
そうです,N4,
てみる,N4,
濡れる,N3,N4
褒める,N3,N4
打つ,N3,N4
すると,N3,N4
金持ち,N3,
お目に掛かる,N3,
貸し,N3,
大抵,N3,N4
吐く,N3,N1
下す,N3,
硬い,N3,N4
辛い,N3,N5
居る,N3,N5
留める,N3,N4
ようにする,N3,
過ぎない,N3,N4
於いて,N3,N1
つもりで,N3,
ように,N3,
どうやら,N3,N1
おかげで,N3,
固い,N2,N4
焚く,N2,N4
堅い,N2,N4
一段と,N2,
見付かる,N2,N4
延びる,N2,N3
だいいち,N2,N1
けれど/けれども,N2,
具える,N2,N3
揚げる,N2,N4
捜す,N2,N4
御馳走,N2,N4
髭,N2,N4
御中,N2,N3
床屋,N2,N4
向う,N2,N5
只,N2,N3
再来週,N2,N4
上る,N2,N3
見付ける,N2,N4
量る,N2,N3
軟らかい,N2,N4
浸ける,N2,N4
在る,N2,N3
治す,N2,N4
潜る,N2,N1
破れる,N2,N4
着ける,N2,N3
超す,N2,N3
再来月,N2,N4
粗い,N2,N3
御手洗,N2,N1
退ける,N2,N1
退く,N2,N1
討つ,N2,N3
しいんと,N2,
納める,N2,N3
退院,N2,N4
代える,N2,N3
慶び,N2,N3
?立,N2,N3
各々,N2,N3
逸れる,N2,
明き,N2,N3
羽根,N2,N3
日日,N2,N1
円い,N2,N3
馴れる,N2,N4
出合い,N2,N3
殖える,N2,N4
塵芥,N2,
延ばす,N2,N3
掏摸,N2,N4
緩い,N2,N5
器械,N2,N3
引出す,N2,N4
何といっても,N2,
以外の,N2,
とうてい,N2,N1
のぼる,N2,N3
がてら,N2,
よっぽど,N2,N1
通じて,N2,
思うように,N2,
やむをえず,N2,
ろくに,N2,N1
せいか,N2,N1
たしか,N2,N4
万一,N2,N3
ゆえに,N2,
一方では,N2,N3
それにしても,N2,
かけては,N2,N4
さすがに,N2,
さしつかえない,N2,
たまらない,N2,N3
ごとし（如し）,N2,
かねない,N2,
せめて,N2,
くせに,N2,
至るまで,N2,
弾く,N1,N5
堪らない,N1,N3
今晩は,N1,N2
くっ付ける,N1,N2
稍,N1,N3
彼此,N1,N2
呆れる,N1,N2
所で,N1,N3
中腹,N1,
偶に,N1,N4
一昨昨日,N1,N2
代わる,N1,N2
巨,N1,N3
物置き,N1,N2
留める,N1,N4
愈々,N1,N2
釣鐘,N1,
先先週,N1,N2
此れ等,N1,N3
其れでも,N1,N3
倣,N1,N2
当たり前,N1,N2
酷い,N1,N4
大ざっぱ,N1,N2
吊るす,N1,N2
斑,N1,
この頃,N1,N4
饂飩,N1,N2
鼠,N1,N3
屹度,N1,N4
確り,N1,N4
背負う,N1,N2
何れ,N1,N3
乗り換え,N1,N2
何も,N1,N3
出鱈目,N1,N2
今日は,N1,N3
出入り口,N1,N2
其れ,N1,N3
艶,N1,N2
彼方此方,N1,N3
爽やか,N1,N2
何時の間にか,N1,N2
図々しい,N1,N2
彼方此方,N1,N3
填める,N1,N2
ご馳走さま,N1,N2
有難う,N1,N3
各々,N1,N3
苛々,N1,N3
矢っ張り,N1,N2
押さえる,N1,N2
茹でる,N1,N2
受け取り,N1,N2
解く,N1,N3
泌み泌み,N1,N2
其れで,N1,N4
中指,N1,N2
若しも,N1,N3
物体ない,N1,N2
鋸,N1,N2
大人しい,N1,N2
その内,N1,N3
歯磨,N1,N2
成るべく,N1,N4
率直,N1,N2
其れに,N1,N4
痒い,N1,N2
浮かぶ,N1,N2
兎も角,N1,N2
御免ください,N1,N2
何時も,N1,N3
噛る,N1,N2
お蔭様で,N1,N2
梯子,N1,N2
行き成り,N1,N2
正に,N1,N3
相変わらず,N1,N2
突く,N1,N2
萎む,N1,N2
丸で,N1,N3
為さる,N1,N4
夜中,N1,N3
藍褸,N1,N2
凡そ,N1,N3
若しかしたら,N1,N2
汚す,N1,N2
済まない,N1,N2
眩しい,N1,N2
お願いします,N1,N2
捲る,N1,
重なる,N1,N2
凝らす,N1,
仰っしゃる,N1,N4
即ち,N1,N3
打ち合わせ,N1,N2
久し振り,N1,N4
詰まり,N1,N3
出合う,N1,N3
お出でになる,N1,N4
集まる,N1,N4
益々,N1,N3
慌てる,N1,N2
お早う,N1,N2
何れ,N1,N3
臍,N1,N2
炙る,N1,N2
返る,N1,N2
日当,N1,N2
汚れる,N1,N4
ご馳走,N1,N4
若しかすると,N1,N2
お先に,N1,N2
ご苦労様,N1,N2
転転,N1,N2
細やか,N1,
暫く,N1,N4
恐らく,N1,N3
不図,N1,N3
其れ共,N1,N3
馬鹿らしい,N1,N2
重役,N1,N2
目蓋,N1,N2
何しろ,N1,N2
嚏,N1,N2
お邪魔します,N1,N2
現われ,N1,N3
吝嗇,N1,N3
落ちる,N1,N4
火傷,N1,N2
苛める,N1,N4
金庫,N1,N3
耐える,N1,N2
草臥れる,N1,N2
強気,N1,N2
見舞,N1,N3
尻尾,N1,N2
ご無沙汰,N1,N2
坊ちゃん,N1,N2
態と,N1,N3
供,N1,
呉れ呉れも,N1,N2
先先月,N1,N2
お大事に,N1,N2
切っ掛け,N1,N2
引き受ける,N1,N2
戴きます,N1,N3
吃驚,N1,N3
而も,N1,N3
拵える,N1,N2
書き取り,N1,N2
其の儘,N1,N3
可愛がる,N1,N2
くっ付く,N1,N2
割り算,N1,N2
割引き,N1,N2
消耗,N1,N2
付き合う,N1,N2
呉れる,N1,N4
然して,N1,N3
可愛らしい,N1,N3
何時か,N1,N3
伐,N1,
好い,N1,N3
濠,N1,N3
当てはめる,N1,N2
躓く,N1,N2
揶揄う,N1,N2
現われる,N1,N3
脅かす,N1,N2
屡,N1,N3
真に,N1,N3
木綿,N1,N4
頻りに,N1,N3
かも知れない,N1,N3
或いは,N1,N3
忽ち,N1,N2
所謂,N1,N3
喋る,N1,N3
如何しても,N1,N3
一まず,N1,N2
些とも,N1,N4
疾っくに,N1,N2
加留多,N1,N2
鋏,N1,N3
錆び,N1,N2
上手,N1,N5
堪える,N1,N2
発条,N1,N2
造る,N1,N2
怒る,N1,N4
殴る,N1,N2
筈,N1,N4
何時でも,N1,N3
悪口,N1,N3
喧しい,N1,N2
一々,N1,N2
ぶら下げる,N1,N2
諄い,N1,N2
御免なさい,N1,N3
零れる,N1,N2
此の,N1,N3
その為,N1,N2
当てはまる,N1,N2
どうぞ宜しく,N1,N2
其処で,N1,N3
痺れる,N1,N2
徐々,N1,N3
混む,N1,N4
我がまま,N1,N3
例え,N1,N3
不山戯る,N1,N3
止むを得ない,N1,N2
お八,N1,N2
拐う,N1,
軈て,N1,N3
怒鳴る,N1,N2
家主,N1,N2
愛でたい,N1,N2
僅,N1,N3
酸っぱい,N1,N2
然うして,N1,N2
剃る,N1,N2
位地,N1,N3
仕舞う,N1,N3
捕らえる,N1,N2
堪える,N1,N2
粗筋,N1,N2
売れ行き,N1,N2
下らない,N1,N2
その外,N1,N2
傾く,N1,N2
年寄り,N1,N3
お喋り,N1,N3
所々,N1,N2
済みません,N1,N3
近々,N1,N2
何とも,N1,N2
可成,N1,N3
凭れる,N1,N2
通りかかる,N1,N2
気配,N1,N2
百科辞典,N1,N2
丈夫,N1,N5
明々後日,N1,N2
兎に角,N1,N3
寄こす,N1,N2
真ん中,N1,N4
何処か,N1,N3
俄か,N1,N2
未だ,N1,N3
洒落,N1,N2
左様なら,N1,N2
吃逆,N1,N2
唸る,N1,N3
目眩,N1,N2
包む,N1,N4
惨め,N1,N2
お洒落,N1,N2
違える,N1,
零す,N1,N2
其れ程,N1,N4
堪える,N1,N2
一人でに,N1,N2
やっ付ける,N1,N2
畏まりました,N1,N2
百科事典,N1,N2
お菜,N1,N2
お蔭,N1,N4
止まる,N1,N2
慌ただしい,N1,N2
絨毯,N1,N2
躊躇う,N1,N2
夜行,N1,N2
汚れ,N1,
出来物,N1,
果たして,N1,N2
その上,N1,N2
傾,N1,N2
伝言,N1,
係り,N1,N3
凝る,N1,
何となく,N1,N2
見っともない,N1,N2
擦る,N1,N2
偖,N1,N3
下品,N1,N2
可笑しい,N1,N4
お休み,N1,N2
お目出度う,N1,N3
引き分け,N1,N2
伊井,N1,
溢れる,N1,N2
騙す,N1,N2
滅茶苦茶,N1,N2
然も,N1,N3
詰る,N1,N2
擦れる,N1,
所が,N1,N3
含嗽,N1,
下がる,N1,N4
剥がす,N1,N2
偏る,N1,N2
盛る,N1,N2
跨ぐ,N1,N2
若し,N1,N4
じゃん拳,N1,N2
可哀想,N1,N3
是非とも,N1,N2
華奢,N1,
すれ違う,N1,N2
逆上る,N1,N2
或る,N1,N3
割合に,N1,N2
三日月,N1,N2
働,N1,N5
落とす,N1,N4
打付ける,N1,N2
捻子,N1,N2
何時までも,N1,N3
始めまして,N1,N2
箪笥,N1,N2
凡ゆる,N1,N3
積もり,N1,N4
何々,N1,N2
何故なら,N1,N3
